GEOID,eviction_2020, eviction_2021,eviction_2022,eviction_2023,own_occ_rate,corp_own_rate,median_yearbuilt,median_price,median_prslpr,mortgage,median_totrooms,median_bathrooms,median_bedrooms,median_lotsize,median_intersf,median_flip_horizon,median_price_diff,median_price_diff_pch,median_lasqbin,mean_month_horizon,buyer_llc_ind_sum,buyer_bus_ind_sum,buyer_trst_ind_sum,buyer_bnk_ind_sum,buyer_gse_ind_sum,buyer_gov_ind_sum,seller_llc_ind_sum,seller_llp_ind_sum,seller_bus_ind_sum,seller_trst_ind_sum,seller_bnk_ind_sum,seller_gse_ind_sum,seller_gov_ind_sum,flip_ind_sum,buy_side_flip_sum,sell_side_flip_sum,restype_R1F_sum,sum_institutional_investor,sum_large_investor,sum_medium_investor,sum_non_investor,sum_small_investor,sum_non_small_llc_investor,sum_small_llc_investor,count_1.FAM.RES,count_2.FAM.RES,count_3.FAM.RES,count_CONDOMINIUM,count_RES.DEV.LAND,percent_owners,num_sales_transactions,years,pop,male,female,pop_u18,pop_18_64,pop_65o,nhwhi,nhaa,nhna,nhas,nhpi,nhoth,nhmlt,lat,fam,hh,fhh,fhh2,fhh3,fhh4,fhh5,fhh6,fhh7o,nfhh,nfhh1,nfhh2,nfhh3,nfhh4,nfhh5,nfhh6,nfhh7o,acs_year,mhi,mhi_me,o_mhi,o_mhi_me,r_mhi,r_mhi_me
25017350103,5.0,27.0,54.0,40.0,0.0,0.0,1926.5,385250.0,0.0,278000.0,7.0,2,3.0,4050.0,2401.0,986.5,35000.0,7.78,2450.5,12.0,12,4,2,2,0,0,7,0,2,10,1,0,0,11,12,11,8,3.0,2.0,3.0,111.0,11.0,117.0,13.0,8.0,61.0,2.0,42.0,0.0,48.5,130,2010.0,1210.0,599.0,611.0,180.0,855.0,175.0,905.0,85.0,0.0,63.0,0.0,27.0,19.0,111.0,269.0,497.0,269.0,121.0,61.0,52.0,20.0,10.0,5.0,228.0,132.0,68.0,18.0,6.0,3.0,0.0,1.0,2007-11,66289.0,14867.0,67946.0,24272.0,62500.0,17116.0
25017351500,6.0,7.0,16.0,15.0,0.0,0.0,1920.0,316000.0,0.0,214400.0,3.0,1,1.0,0.0,1055.0,1183.0,15367.0,8.01,1050.5,11.0,22,6,20,3,1,0,14,0,13,20,5,0,0,19,20,19,18,9.0,12.0,8.0,357.0,13.0,373.0,26.0,18.0,25.0,26.0,272.0,0.0,39.3,399,2010.0,2310.0,1156.0,1154.0,299.0,1694.0,317.0,1262.0,198.0,5.0,265.0,0.0,72.0,96.0,412.0,435.0,1104.0,435.0,197.0,107.0,84.0,27.0,10.0,10.0,669.0,472.0,129.0,39.0,17.0,9.0,3.0,0.0,2007-11,46088.0,8581.0,73625.0,36340.0,36193.0,12570.0
25017373100,1.0,6.0,4.0,5.0,0.0,0.0,1910.0,453750.0,142625.0,315600.0,7.0,2,3.0,7599.0,1700.0,997.5,55850.0,14.41,1700.5,12.0,15,8,14,1,1,0,12,0,8,67,1,0,3,70,73,70,214,16.0,10.0,19.0,627.0,34.0,690.0,16.0,214.0,145.0,19.0,298.0,3.0,40.4,706,2010.0,4755.0,2194.0,2561.0,845.0,3255.0,655.0,3793.0,139.0,8.0,500.0,1.0,29.0,108.0,177.0,1066.0,2085.0,1066.0,471.0,262.0,218.0,80.0,18.0,17.0,1019.0,719.0,213.0,57.0,22.0,3.0,4.0,1.0,2007-11,77575.0,20060.0,103478.0,37193.0,63813.0,11158.0
25017373600,2.0,0.0,4.0,0.0,0.0,0.0,1945.0,537500.0,165000.0,258800.0,6.0,2,3.0,41502.0,1407.5,1268.5,54250.0,12.53,1450.5,10.0,15,8,49,0,0,0,32,0,13,124,1,0,0,50,53,50,295,17.0,6.0,14.0,659.0,24.0,705.0,15.0,295.0,19.0,3.0,386.0,4.0,38.2,720,2010.0,6026.0,2892.0,3134.0,648.0,4889.0,489.0,4747.0,146.0,1.0,599.0,1.0,9.0,142.0,381.0,718.0,988.0,718.0,303.0,156.0,156.0,74.0,20.0,9.0,270.0,191.0,40.0,17.0,12.0,4.0,2.0,4.0,2007-11,137460.0,45902.0,213843.0,31448.0,74085.0,44797.0
25021400600,4.0,1.0,3.0,2.0,0.0,1.0,1915.0,480000.0,194500.0,290000.0,5.0,2,2.0,0.0,1260.0,1121.0,60000.0,13.58,1250.5,12.0,34,10,34,1,1,0,84,0,3,82,5,1,0,87,92,87,201,8.0,6.0,27.0,1176.0,36.0,1216.0,37.0,201.0,23.0,13.0,977.0,1.0,36.6,1253,2010.0,5177.0,2381.0,2796.0,961.0,3615.0,601.0,4020.0,109.0,5.0,691.0,0.0,16.0,119.0,217.0,1153.0,2116.0,1153.0,517.0,271.0,255.0,81.0,26.0,3.0,963.0,617.0,207.0,72.0,50.0,15.0,2.0,0.0,2007-11,138506.0,37597.0,162422.0,16057.0,55341.0,27027.0
25021401200,6.0,4.0,4.0,12.0,0.0,0.0,1945.0,690000.0,110000.0,417000.0,8.0,3,3.0,7816.5,2142.5,1102.0,100000.0,17.325,2150.5,11.0,37,6,26,6,0,0,84,0,24,62,11,0,0,68,71,68,578,10.0,7.0,15.0,729.0,33.0,752.0,42.0,578.0,17.0,13.0,157.0,9.0,44.2,794,2010.0,7031.0,3262.0,3769.0,1732.0,4284.0,1015.0,4870.0,297.0,4.0,1331.0,2.0,31.0,168.0,328.0,1759.0,2413.0,1759.0,649.0,415.0,473.0,179.0,36.0,7.0,654.0,521.0,102.0,24.0,3.0,4.0,0.0,0.0,2007-11,131875.0,15448.0,163531.0,27932.0,89798.0,17593.0
25025000100,10.0,25.0,32.0,31.0,0.2974036191974823,0.2297403619197482,1920.0,396921.0,0.0,266000.0,7.0,2,3.0,3450.0,1920.0,1125.0,66410.5,24.215,1950.5,12.0,23,2,11,3,1,0,28,0,13,29,10,1,0,19,20,19,56,13.0,5.0,19.0,332.0,16.0,359.0,26.0,56.0,95.0,39.0,145.0,0.0,54.8,385,2010.0,4254.0,2256.0,1998.0,579.0,3326.0,349.0,2508.0,249.0,3.0,468.0,0.0,250.0,155.0,621.0,698.0,1616.0,698.0,265.0,167.0,142.0,69.0,38.0,17.0,918.0,394.0,267.0,129.0,75.0,36.0,12.0,5.0,2007-11,53699.0,11300.0,82944.0,19412.0,50102.0,25329.0
25025000201,3.0,9.0,10.0,7.0,0.380901287553648,0.1695278969957081,1920.0,371500.0,0.0,296595.0,7.0,2,3.0,3671.0,1795.0,1176.5,39750.0,12.43,1850.5,14.0,5,3,5,5,0,0,3,0,7,32,8,0,1,18,20,18,78,11.0,8.0,14.0,300.0,15.0,338.0,10.0,78.0,102.0,22.0,128.0,0.0,48.0,348,2010.0,3854.0,1904.0,1950.0,439.0,3151.0,264.0,2728.0,244.0,5.0,322.0,2.0,70.0,76.0,407.0,571.0,1541.0,571.0,270.0,133.0,109.0,32.0,12.0,15.0,970.0,375.0,299.0,191.0,73.0,26.0,5.0,1.0,2007-11,64792.0,8084.0,86765.0,38872.0,62480.0,6015.0
25025000202,7.0,2.0,4.0,16.0,0.4768460575719649,0.1714643304130162,1920.0,430000.0,0.0,296900.0,7.0,2,3.5,4250.0,1909.5,1040.0,41298.0,12.515,1950.5,9.0,10,5,10,3,1,0,5,0,6,33,9,1,0,19,19,19,71,12.0,7.0,10.0,236.0,9.0,260.0,14.0,71.0,84.0,11.0,86.0,0.0,47.1,274,2010.0,3885.0,1962.0,1923.0,656.0,2889.0,340.0,2370.0,273.0,12.0,525.0,0.0,50.0,59.0,596.0,711.0,1480.0,711.0,259.0,185.0,149.0,80.0,19.0,19.0,769.0,361.0,205.0,104.0,62.0,27.0,7.0,3.0,2007-11,53542.0,8119.0,63679.0,27654.0,48333.0,15442.0
25025000301,0.0,2.0,6.0,2.0,0.4175050301810865,0.1720321931589537,1950.0,350700.0,0.0,261675.0,5.0,1,3.0,1390.0,1180.0,1093.0,30000.0,11.97,1250.5,13.0,8,3,10,2,1,0,60,0,7,46,3,1,0,21,21,21,53,4.0,5.0,17.0,297.0,23.0,337.0,9.0,53.0,58.0,14.0,206.0,3.0,41.3,346,2010.0,2740.0,1395.0,1345.0,273.0,2136.0,331.0,2050.0,124.0,0.0,295.0,0.0,24.0,57.0,190.0,463.0,1159.0,463.0,226.0,117.0,81.0,27.0,9.0,3.0,696.0,333.0,200.0,109.0,43.0,9.0,1.0,1.0,2007-11,89236.0,7378.0,88056.0,14554.0,93194.0,12816.0
25025000302,2.0,0.0,2.0,2.0,0.4614670380687093,0.1132776230269266,1963.0,305500.0,117000.0,224625.0,5.0,2,3.0,1055.0,1053.0,1310.5,37500.0,13.01,1050.5,12.0,4,2,13,2,1,0,14,0,9,36,3,1,0,32,33,32,92,7.0,9.0,13.0,462.0,14.0,499.0,6.0,92.0,61.0,3.0,344.0,0.0,42.6,505,2010.0,3142.0,1568.0,1574.0,310.0,2497.0,335.0,2295.0,89.0,2.0,449.0,0.0,30.0,48.0,229.0,545.0,1276.0,545.0,289.0,135.0,85.0,28.0,7.0,1.0,731.0,321.0,215.0,150.0,29.0,12.0,3.0,1.0,2007-11,78198.0,15566.0,71569.0,8300.0,85455.0,25744.0
25025000401,1.0,6.0,8.0,4.0,0.2574484339190221,0.1764705882352941,1930.0,223950.0,86500.0,161375.0,4.0,1,2.0,760.0,760.0,966.5,33000.0,17.345,750.5,13.0,18,8,15,8,3,0,78,0,32,108,16,3,0,124,127,124,31,35.0,11.0,40.0,879.0,63.0,1004.0,24.0,31.0,77.0,21.0,881.0,0.0,35.2,1028,2010.0,5672.0,2732.0,2940.0,404.0,4087.0,1181.0,4089.0,132.0,2.0,1032.0,1.0,30.0,99.0,287.0,834.0,2877.0,834.0,520.0,162.0,75.0,37.0,19.0,21.0,2043.0,1250.0,463.0,186.0,98.0,31.0,9.0,6.0,2007-11,35104.0,11614.0,51563.0,25692.0,29583.0,11430.0
25025000402,4.0,1.0,3.0,1.0,0.3607532210109019,0.1605550049554014,1925.0,345000.0,16500.0,210650.0,4.0,1,2.0,1214.0,1166.0,1080.5,29477.0,13.42,1150.5,13.0,18,9,25,0,4,0,73,0,11,53,0,4,0,37,41,37,59,17.0,16.0,12.0,441.0,22.0,490.0,18.0,59.0,82.0,10.0,324.0,0.0,42.5,508,2010.0,3648.0,1902.0,1746.0,366.0,3024.0,258.0,2734.0,69.0,0.0,543.0,2.0,28.0,83.0,189.0,473.0,1461.0,473.0,250.0,91.0,60.0,31.0,18.0,23.0,988.0,439.0,278.0,133.0,92.0,24.0,8.0,14.0,2007-11,55459.0,7477.0,116667.0,34493.0,46800.0,8585.0
25025000502,4.0,0.0,21.0,6.0,0.2098092643051771,0.3260672116257947,1927.0,252375.0,90000.0,164000.0,4.0,1,2.0,760.0,760.0,1094.0,32000.0,14.515,750.5,12.0,16,2,20,3,1,0,131,0,3,29,6,1,0,60,62,60,3,10.0,14.0,19.0,622.0,29.0,676.0,18.0,3.0,7.0,7.0,665.0,0.0,35.0,694,2010.0,6303.0,2888.0,3415.0,85.0,5925.0,293.0,4719.0,268.0,6.0,704.0,2.0,16.0,142.0,446.0,391.0,1872.0,391.0,306.0,65.0,12.0,4.0,1.0,3.0,1481.0,998.0,343.0,83.0,37.0,10.0,3.0,7.0,2007-11,46205.0,9882.0,96648.0,16052.0,39342.0,18186.0
25025000503,1.0,2.0,3.0,3.0,0.2317210348706411,0.1327334083239595,1935.0,211750.0,105700.0,160000.0,3.0,1,1.0,638.0,637.0,1102.0,27500.0,15.26,650.5,14.0,5,4,12,2,2,0,9,0,5,27,3,2,1,57,59,57,1,8.0,8.0,10.0,539.0,25.0,583.0,7.0,1.0,2.0,2.0,581.0,0.0,25.6,590,2010.0,2211.0,1028.0,1183.0,54.0,2016.0,141.0,1739.0,55.0,2.0,264.0,0.0,11.0,44.0,96.0,246.0,1341.0,246.0,181.0,50.0,12.0,2.0,1.0,0.0,1095.0,667.0,347.0,60.0,18.0,1.0,1.0,1.0,2007-11,49531.0,24007.0,49688.0,30677.0,47337.0,30538.0
25025000504,7.0,17.0,10.0,16.0,0.2692036645525018,0.1818181818181818,1920.0,245000.0,92250.0,172000.0,4.0,1,1.0,713.5,715.0,1148.0,34500.0,14.2,750.5,13.0,15,14,23,0,2,0,95,0,12,63,1,1,0,101,102,101,6,24.0,17.0,33.0,880.0,26.0,965.0,15.0,6.0,14.0,6.0,931.0,0.0,27.6,980,2010.0,4985.0,2135.0,2850.0,160.0,4020.0,805.0,3862.0,168.0,4.0,537.0,3.0,11.0,82.0,318.0,534.0,2637.0,534.0,375.0,99.0,42.0,8.0,5.0,5.0,2103.0,1218.0,533.0,177.0,122.0,38.0,10.0,5.0,2007-11,33444.0,6758.0,75521.0,30500.0,26264.0,6202.0
25025000601,4.0,4.0,7.0,3.0,0.3583509513742072,0.1849894291754757,1922.0,335000.0,21300.0,228480.0,4.0,2,2.0,1221.0,1147.0,924.0,45500.0,16.255,1150.5,12.0,10,2,14,5,3,0,12,1,6,74,8,2,0,39,41,39,79,15.0,9.0,24.0,385.0,26.0,446.0,13.0,79.0,54.0,21.0,275.0,0.0,39.2,459,2010.0,3571.0,1842.0,1729.0,295.0,2846.0,430.0,2480.0,82.0,2.0,540.0,0.0,94.0,85.0,288.0,521.0,1450.0,521.0,259.0,134.0,79.0,24.0,13.0,12.0,929.0,438.0,250.0,132.0,69.0,27.0,10.0,3.0,2007-11,54635.0,4989.0,60833.0,23810.0,54386.0,4966.0
25025000602,15.0,45.0,42.0,43.0,0.2524115755627009,0.2073954983922829,1920.0,230000.0,110250.0,168211.0,4.0,1,1.0,696.0,695.0,1119.0,33250.0,16.955,650.5,12.0,10,4,13,2,1,0,23,0,6,16,3,2,0,47,46,47,16,12.0,5.0,24.0,344.0,17.0,390.0,12.0,16.0,20.0,10.0,334.0,0.0,31.3,402,2010.0,3974.0,1943.0,2031.0,476.0,3019.0,479.0,2137.0,424.0,3.0,635.0,2.0,28.0,104.0,641.0,667.0,1968.0,667.0,381.0,121.0,88.0,50.0,16.0,11.0,1301.0,854.0,286.0,80.0,37.0,26.0,10.0,8.0,2007-11,26648.0,8824.0,58667.0,16860.0,24457.0,10779.0
25025000701,4.0,18.0,22.0,10.0,0.2099712368168744,0.186960690316395,1964.0,251500.0,110625.0,179950.0,4.0,1,2.0,770.0,770.0,1152.5,35861.0,14.805,750.5,14.0,16,3,22,2,3,0,14,0,5,44,5,3,0,58,58,58,6,19.0,11.0,30.0,547.0,21.0,610.0,18.0,6.0,17.0,9.0,583.0,0.0,33.0,628,2010.0,4446.0,2238.0,2208.0,172.0,4106.0,168.0,3050.0,179.0,4.0,728.0,4.0,42.0,106.0,333.0,474.0,2294.0,474.0,315.0,95.0,37.0,19.0,5.0,3.0,1820.0,876.0,664.0,188.0,57.0,24.0,9.0,2.0,2007-11,51354.0,10444.0,100513.0,33654.0,45947.0,8795.0
25025000703,9.0,10.0,4.0,14.0,0.1030534351145038,0.3091603053435114,1920.0,269600.0,115000.0,185600.0,4.0,1,2.0,1034.0,1034.0,1079.0,25500.0,10.37,1050.5,12.0,13,3,3,2,0,0,5,0,5,12,2,0,0,13,13,13,3,2.0,4.0,9.0,122.0,14.0,137.0,14.0,3.0,7.0,13.0,109.0,0.0,42.4,151,2010.0,2791.0,1391.0,1400.0,58.0,2690.0,43.0,1708.0,85.0,3.0,662.0,1.0,57.0,93.0,182.0,157.0,1395.0,157.0,94.0,33.0,18.0,8.0,2.0,2.0,1238.0,644.0,364.0,145.0,60.0,16.0,2.0,7.0,2007-11,20129.0,4575.0,78511.0,3228.0,19068.0,7109.0
25025000704,17.0,25.0,29.0,28.0,0.1619718309859155,0.2288732394366197,1920.0,232000.0,120904.0,159849.0,4.0,1,2.0,796.0,795.0,1021.0,32000.0,13.03,750.5,12.0,23,9,29,4,5,0,45,0,17,83,12,3,1,94,94,94,6,31.0,17.0,28.0,685.0,37.0,774.0,24.0,6.0,15.0,8.0,742.0,0.0,33.6,798,2010.0,4801.0,2458.0,2343.0,243.0,4393.0,165.0,2873.0,288.0,3.0,874.0,4.0,73.0,111.0,575.0,512.0,2350.0,512.0,286.0,118.0,59.0,25.0,16.0,8.0,1838.0,943.0,543.0,176.0,118.0,36.0,14.0,8.0,2007-11,44774.0,4743.0,80106.0,14894.0,42019.0,7297.0
25025000802,23.0,28.0,37.0,42.0,0.2309801233721727,0.2844413982179575,1920.0,357000.0,2500.0,251829.5,4.0,2,2.0,1522.5,1322.0,946.0,39927.5,14.56,1350.5,11.0,44,16,25,3,1,0,61,0,29,70,9,1,0,75,75,75,91,60.0,22.0,39.0,582.0,63.0,721.0,45.0,91.0,127.0,78.0,395.0,0.0,38.9,766,2010.0,8136.0,4611.0,3525.0,671.0,7137.0,328.0,4292.0,318.0,6.0,1565.0,3.0,250.0,236.0,1466.0,924.0,3011.0,924.0,382.0,201.0,164.0,88.0,31.0,58.0,2087.0,744.0,691.0,292.0,179.0,100.0,42.0,39.0,2007-11,36881.0,8559.0,93125.0,31755.0,28109.0,9589.0
25025000803,0.0,1.0,0.0,0.0,0.1066666666666666,0.1066666666666666,1900.0,595000.0,122000.0,322700.0,7.0,2,2.0,4000.0,1865.0,531.0,95750.0,19.445,1850.5,17.0,2,0,1,0,0,0,1,0,0,2,0,0,0,4,4,4,7,1.0,0.0,0.0,18.0,0.0,17.0,2.0,7.0,1.0,0.0,6.0,0.0,63.2,19,2010.0,6584.0,2879.0,3705.0,189.0,6307.0,88.0,3935.0,384.0,8.0,1400.0,1.0,25.0,255.0,576.0,260.0,882.0,260.0,132.0,60.0,47.0,16.0,4.0,1.0,622.0,414.0,184.0,20.0,4.0,0.0,0.0,0.0,2007-11,28304.0,10253.0,0.0,0.0,28125.0,10232.0
25025010103,1.0,1.0,0.0,1.0,0.0,0.2741935483870967,949.5,161000.0,0.0,393750.0,0.0,0,0.0,6883.5,1380.0,,,,1400.5,,0,1,0,0,0,0,0,0,0,1,0,0,1,0,0,0,0,0.0,0.0,0.0,2.0,0.0,2.0,0.0,,,,,,100.0,2,2010.0,4569.0,1818.0,2751.0,19.0,4524.0,26.0,2574.0,130.0,4.0,1328.0,0.0,21.0,165.0,347.0,50.0,490.0,50.0,44.0,3.0,2.0,1.0,0.0,0.0,440.0,313.0,100.0,11.0,16.0,0.0,0.0,0.0,2007-11,14953.0,14486.0,76618.0,80999.0,14009.0,8624.0
25025010104,3.0,6.0,9.0,4.0,0.1620553359683794,0.2738565782044043,1900.0,373925.0,175000.0,232250.0,3.0,1,1.0,733.5,732.5,1116.0,57250.0,18.395,750.5,15.0,31,5,34,1,0,0,132,0,42,61,4,0,0,91,92,91,0,11.0,14.0,32.0,862.0,51.0,939.0,31.0,0.0,1.0,0.0,940.0,0.0,32.2,970,2010.0,4804.0,2207.0,2597.0,103.0,4355.0,346.0,3140.0,128.0,8.0,967.0,0.0,14.0,138.0,409.0,381.0,1916.0,381.0,296.0,59.0,20.0,5.0,0.0,1.0,1535.0,1148.0,308.0,59.0,15.0,4.0,0.0,1.0,2007-11,29818.0,11467.0,101893.0,49203.0,20542.0,9314.0
25025010203,33.0,18.0,14.0,21.0,0.1356993736951983,0.3006263048016701,1910.0,224625.0,91500.0,150000.0,3.0,1,1.0,530.0,526.0,960.0,41625.0,22.01,550.5,13.0,23,6,20,6,1,0,95,0,14,37,10,0,1,93,93,93,0,48.0,24.0,25.0,536.0,23.0,631.0,25.0,0.0,0.0,0.0,631.0,0.0,31.2,656,2010.0,5569.0,2800.0,2769.0,169.0,5053.0,347.0,3605.0,278.0,11.0,916.0,4.0,21.0,165.0,569.0,549.0,3499.0,549.0,421.0,89.0,28.0,10.0,1.0,0.0,2950.0,1959.0,835.0,126.0,28.0,1.0,1.0,0.0,2007-11,35303.0,9273.0,82669.0,31044.0,31515.0,6676.0
25025010204,5.0,5.0,4.0,11.0,0.1762048192771084,0.2936746987951807,1920.0,374000.0,74000.0,200000.0,4.0,1,2.0,890.0,932.0,1077.5,49000.0,19.045,950.5,15.0,21,5,8,0,1,0,88,0,3,25,2,0,0,33,34,33,1,11.0,11.0,14.0,298.0,17.0,330.0,21.0,1.0,0.0,0.0,328.0,0.0,37.9,351,2010.0,3173.0,1449.0,1724.0,31.0,3100.0,42.0,2134.0,90.0,3.0,669.0,0.0,7.0,92.0,178.0,115.0,1188.0,115.0,79.0,26.0,10.0,0.0,0.0,0.0,1073.0,608.0,319.0,109.0,28.0,6.0,3.0,0.0,2007-11,31389.0,4981.0,54054.0,69503.0,30000.0,12250.0
25025010300,4.0,0.0,0.0,8.0,0.1164658634538152,0.1606425702811245,1915.0,218000.0,85000.0,153400.0,2.0,1,1.0,503.0,503.0,1000.5,38125.0,20.745,550.5,16.0,2,2,4,1,1,0,4,0,0,13,1,1,0,24,25,24,0,4.0,3.0,3.0,149.0,7.0,164.0,2.0,0.0,0.0,1.0,161.0,0.0,31.9,166,2010.0,4861.0,1657.0,3204.0,134.0,4676.0,51.0,3381.0,377.0,3.0,477.0,4.0,19.0,143.0,457.0,114.0,395.0,114.0,44.0,48.0,15.0,6.0,1.0,0.0,281.0,220.0,43.0,10.0,8.0,0.0,0.0,0.0,2007-11,27438.0,11898.0,76875.0,157446.0,25625.0,23803.0
25025010403,16.0,3.0,7.0,44.0,0.194059405940594,0.2415841584158415,2002.0,280000.0,0.0,200000.0,3.0,1,1.0,489.0,479.0,1029.0,25600.0,8.21,450.5,13.0,14,2,7,1,0,0,155,0,5,14,1,0,0,27,29,27,0,7.0,10.0,15.0,282.0,23.0,323.0,14.0,0.0,0.0,1.0,311.0,0.0,31.5,337,2010.0,3003.0,1577.0,1426.0,105.0,2540.0,358.0,1686.0,295.0,10.0,628.0,0.0,10.0,81.0,293.0,311.0,2025.0,311.0,251.0,37.0,17.0,5.0,0.0,1.0,1714.0,1277.0,334.0,75.0,23.0,3.0,2.0,0.0,2007-11,16786.0,7373.0,61442.0,80435.0,16218.0,6304.0
25025010404,2.0,0.0,1.0,14.0,0.1235370611183355,0.2613784135240572,1899.0,335000.0,193000.0,221600.0,4.0,1,2.0,825.0,825.0,1115.0,70500.0,22.26,850.5,12.0,20,0,16,0,0,0,14,0,4,27,2,0,0,76,79,76,8,13.0,5.0,25.0,516.0,18.0,557.0,20.0,8.0,0.0,1.0,546.0,0.0,28.8,577,2010.0,5817.0,2739.0,3078.0,84.0,5632.0,101.0,4068.0,259.0,4.0,936.0,4.0,23.0,137.0,386.0,194.0,1810.0,194.0,141.0,35.0,8.0,5.0,5.0,0.0,1616.0,673.0,610.0,208.0,92.0,21.0,9.0,3.0,2007-11,16735.0,13735.0,66058.0,28515.0,15599.0,6375.0
25025010405,5.0,5.0,6.0,25.0,0.0930787589498806,0.3532219570405728,1920.0,275000.0,139000.0,183475.0,4.0,1,1.0,638.0,638.0,918.5,56000.0,25.905,650.5,13.0,7,1,6,0,0,0,6,0,2,3,1,0,0,31,32,31,0,6.0,4.0,13.0,162.0,3.0,181.0,7.0,0.0,0.0,0.0,174.0,0.0,21.8,188,2010.0,5522.0,2703.0,2819.0,120.0,5092.0,310.0,3767.0,426.0,10.0,717.0,2.0,15.0,150.0,435.0,152.0,966.0,152.0,100.0,29.0,17.0,2.0,4.0,0.0,814.0,567.0,125.0,61.0,47.0,10.0,3.0,1.0,2007-11,13580.0,2514.0,63500.0,28356.0,12699.0,2122.0
25025010408,1.0,6.0,3.0,8.0,0.2302405498281786,0.2474226804123711,1900.0,237000.0,121500.0,163500.0,3.0,1,1.0,530.0,530.0,1008.0,42500.0,21.955,550.5,12.0,4,1,8,1,1,0,12,0,3,25,3,1,0,36,36,36,1,6.0,8.0,7.0,230.0,9.0,256.0,4.0,1.0,0.0,0.0,258.0,0.0,26.5,260,2010.0,1426.0,717.0,709.0,46.0,1348.0,32.0,1014.0,50.0,2.0,206.0,1.0,1.0,19.0,133.0,126.0,943.0,126.0,96.0,22.0,8.0,0.0,0.0,0.0,817.0,547.0,226.0,39.0,5.0,0.0,0.0,0.0,2007-11,51078.0,13729.0,205054.0,84842.0,46944.0,12863.0
25025010500,4.0,5.0,6.0,8.0,0.2755298651252408,0.3468208092485549,1890.0,520000.0,292500.0,340000.0,4.0,1,2.0,1034.0,1016.0,1084.5,82500.0,18.915,1050.5,14.0,6,2,10,2,0,0,7,0,2,19,3,0,0,40,42,40,7,7.0,4.0,9.0,285.0,6.0,303.0,8.0,7.0,6.0,1.0,283.0,0.0,25.4,311,2010.0,3044.0,1487.0,1557.0,115.0,2563.0,366.0,1970.0,308.0,4.0,405.0,1.0,12.0,53.0,291.0,310.0,1655.0,310.0,225.0,54.0,21.0,6.0,4.0,0.0,1345.0,946.0,287.0,95.0,17.0,0.0,0.0,0.0,2007-11,42099.0,9003.0,250001.0,0.0,37188.0,14813.0
25025010600,15.0,10.0,15.0,23.0,0.3104786545924967,0.2522639068564036,1925.0,595250.0,151000.0,210600.0,4.0,1,2.0,926.0,899.0,1189.0,119000.0,23.17,850.5,13.0,14,7,40,1,0,0,114,0,19,62,0,0,1,70,72,70,2,6.0,2.0,8.0,546.0,40.0,588.0,14.0,2.0,3.0,0.0,585.0,0.0,29.1,602,2010.0,2858.0,1380.0,1478.0,179.0,2209.0,470.0,2159.0,134.0,2.0,361.0,0.0,6.0,40.0,156.0,530.0,1854.0,530.0,393.0,86.0,42.0,7.0,1.0,1.0,1324.0,1090.0,216.0,13.0,5.0,0.0,0.0,0.0,2007-11,75547.0,20890.0,80313.0,72535.0,73854.0,24962.0
25025010701,0.0,3.0,3.0,1.0,0.2835689045936396,0.2685512367491166,1897.5,650500.0,279500.0,286850.0,4.0,1,1.0,1050.0,1041.0,1062.0,80000.0,17.56,1050.5,15.0,56,11,41,1,1,0,36,0,17,57,7,1,2,82,86,82,9,11.0,10.0,19.0,786.0,38.0,807.0,57.0,9.0,4.0,0.0,792.0,0.0,28.8,864,2010.0,2478.0,1302.0,1176.0,111.0,2204.0,163.0,2009.0,57.0,2.0,211.0,0.0,14.0,49.0,136.0,302.0,1396.0,302.0,211.0,58.0,29.0,4.0,0.0,0.0,1094.0,858.0,196.0,34.0,3.0,0.0,1.0,2.0,2007-11,98786.0,9937.0,250001.0,0.0,81518.0,29627.0
25025010702,1.0,3.0,1.0,2.0,0.2941919191919191,0.2512626262626262,1899.0,642000.0,311500.0,286400.0,4.0,1,1.0,1070.0,1042.0,1073.0,82000.0,15.66,1050.5,13.0,65,15,49,1,0,0,85,0,25,72,4,0,0,109,115,109,1,10.0,10.0,31.0,893.0,56.0,935.0,65.0,1.0,2.0,4.0,924.0,0.0,28.6,1000,2010.0,2400.0,1140.0,1260.0,165.0,1947.0,288.0,2080.0,53.0,2.0,122.0,1.0,3.0,37.0,102.0,415.0,1402.0,415.0,304.0,59.0,36.0,8.0,7.0,1.0,987.0,821.0,140.0,22.0,4.0,0.0,0.0,0.0,2007-11,90068.0,14055.0,151809.0,92513.0,82426.0,9235.0
25025010801,2.0,1.0,2.0,0.0,0.3454221165279429,0.1771700356718192,1890.0,581150.0,277750.0,289500.0,4.0,1,2.0,940.0,935.0,1045.0,75000.0,15.37,950.5,13.0,23,3,50,1,1,0,85,0,6,88,4,0,0,126,131,126,4,14.0,10.0,26.0,1007.0,47.0,1080.0,24.0,4.0,0.0,0.0,1090.0,0.0,27.8,1104,2010.0,2783.0,1286.0,1497.0,175.0,2218.0,390.0,2336.0,62.0,3.0,186.0,0.0,5.0,52.0,139.0,480.0,1651.0,480.0,351.0,75.0,41.0,11.0,2.0,0.0,1171.0,1003.0,158.0,10.0,0.0,0.0,0.0,0.0,2007-11,154402.0,36301.0,179453.0,28569.0,125882.0,74010.0
25025010802,2.0,5.0,4.0,3.0,0.2915129151291513,0.2445967316816025,1895.0,520000.0,282062.5,287750.0,4.0,1,2.0,870.0,870.0,1088.0,73937.5,16.1,850.5,14.0,35,17,48,1,0,0,59,0,18,99,7,0,0,119,122,119,26,9.0,11.0,34.0,1124.0,38.0,1180.0,36.0,26.0,7.0,0.0,1162.0,0.0,24.7,1216,2010.0,3059.0,1515.0,1544.0,205.0,2554.0,300.0,2542.0,47.0,0.0,277.0,0.0,15.0,59.0,119.0,470.0,1871.0,470.0,314.0,95.0,48.0,8.0,5.0,0.0,1401.0,1105.0,264.0,27.0,3.0,2.0,0.0,0.0,2007-11,88370.0,16022.0,138996.0,29413.0,58237.0,12370.0
25025020101,1.0,1.0,5.0,3.0,0.3678779721848362,0.1973979362943023,1899.0,605000.0,244000.0,270000.0,4.0,1,2.0,805.0,895.0,1114.5,80000.0,16.81,850.5,12.0,54,12,106,1,0,0,118,0,39,132,1,0,0,123,129,123,174,9.0,15.0,24.0,1282.0,67.0,1340.0,57.0,174.0,24.0,12.0,1125.0,0.0,32.9,1397,2010.0,4193.0,1902.0,2291.0,464.0,3138.0,591.0,3782.0,26.0,1.0,186.0,1.0,19.0,39.0,139.0,809.0,2473.0,809.0,526.0,106.0,117.0,49.0,7.0,4.0,1664.0,1339.0,296.0,26.0,2.0,1.0,0.0,0.0,2007-11,94390.0,8390.0,122824.0,31950.0,79267.0,18303.0
25025020200,2.0,3.0,18.0,12.0,0.2697318007662835,0.2130268199233716,1899.0,364500.0,182500.0,248000.0,4.0,1,1.0,620.0,630.0,1138.0,64000.0,16.29,650.5,14.0,31,7,36,2,2,0,44,0,24,47,2,2,2,93,92,93,53,11.0,6.0,23.0,863.0,50.0,921.0,32.0,53.0,5.0,1.0,846.0,0.0,25.7,953,2010.0,3649.0,1639.0,2010.0,155.0,3219.0,275.0,3039.0,121.0,3.0,236.0,0.0,10.0,66.0,174.0,429.0,2302.0,429.0,317.0,69.0,36.0,6.0,1.0,0.0,1873.0,1202.0,593.0,73.0,4.0,1.0,0.0,0.0,2007-11,66944.0,17704.0,119479.0,79461.0,45417.0,13773.0
25025020301,1.0,4.0,12.0,7.0,0.1906825568797399,0.1852654387865655,1967.0,315000.0,140000.0,180800.0,3.0,1,1.0,737.0,737.0,1047.0,41750.0,13.715,750.5,11.0,3,1,11,1,0,0,6,0,2,33,1,0,0,30,30,30,0,1.0,13.0,16.0,273.0,20.0,319.0,4.0,0.0,0.0,0.0,313.0,0.0,44.0,323,2010.0,2023.0,946.0,1077.0,117.0,1562.0,344.0,1403.0,51.0,2.0,416.0,0.0,4.0,39.0,108.0,322.0,1250.0,322.0,225.0,61.0,26.0,7.0,3.0,0.0,928.0,766.0,135.0,24.0,3.0,0.0,0.0,0.0,2007-11,74000.0,17612.0,76500.0,50600.0,72188.0,20840.0
25025020302,4.0,3.0,11.0,12.0,0.3228476821192053,0.2350993377483443,1899.0,530000.0,191000.0,312000.0,4.0,1,2.0,885.0,895.0,1162.0,70000.0,14.86,850.5,15.0,11,1,19,1,0,0,14,0,1,28,1,0,0,32,33,32,6,2.0,3.0,14.0,420.0,14.0,441.0,12.0,6.0,4.0,1.0,425.0,0.0,30.7,453,2010.0,1181.0,553.0,628.0,57.0,1055.0,69.0,1011.0,31.0,1.0,60.0,0.0,3.0,14.0,61.0,155.0,675.0,155.0,115.0,23.0,16.0,1.0,0.0,0.0,520.0,334.0,150.0,30.0,2.0,1.0,0.0,3.0,2007-11,93674.0,16208.0,157396.0,55194.0,64414.0,49799.0
25025020303,18.0,25.0,45.0,67.0,0.2645206438068579,0.3079076277116865,1964.0,405000.0,151250.0,255000.0,3.0,1,1.0,901.0,896.5,1117.5,47500.0,12.27,900.5,14.0,23,4,20,0,0,0,36,0,14,34,1,0,0,46,47,46,0,1.0,4.0,12.0,489.0,36.0,519.0,23.0,0.0,0.0,0.0,515.0,0.0,31.9,542,2010.0,3400.0,2069.0,1331.0,228.0,2821.0,351.0,2047.0,564.0,6.0,329.0,1.0,8.0,72.0,373.0,462.0,1632.0,462.0,305.0,94.0,50.0,13.0,0.0,0.0,1170.0,954.0,195.0,16.0,5.0,0.0,0.0,0.0,2007-11,91136.0,30102.0,120167.0,73490.0,82292.0,38590.0
25025030100,0.0,2.0,2.0,1.0,0.2941176470588235,0.2130365659777424,1900.0,333250.0,91500.0,245300.0,3.0,1,1.0,673.5,698.5,942.0,55000.0,16.62,700.5,13.0,11,0,17,1,1,0,34,0,6,29,4,1,0,27,25,27,3,3.0,7.0,5.0,277.0,12.0,293.0,11.0,3.0,5.0,7.0,253.0,0.0,35.2,304,2010.0,1954.0,883.0,1071.0,62.0,1650.0,242.0,1818.0,19.0,0.0,30.0,2.0,5.0,12.0,68.0,196.0,1276.0,196.0,139.0,37.0,14.0,6.0,0.0,0.0,1080.0,737.0,296.0,39.0,7.0,1.0,0.0,0.0,2007-11,55278.0,11858.0,80417.0,44107.0,49640.0,10812.0
25025030200,0.0,3.0,3.0,4.0,0.2192513368983957,0.2281639928698752,1899.0,420000.0,0.0,287000.0,4.0,1,1.0,740.0,746.0,1019.0,25000.0,6.59,750.5,14.0,20,2,6,1,0,0,37,0,15,19,1,0,0,21,24,21,3,2.0,11.0,6.0,212.0,16.0,226.0,21.0,3.0,0.0,7.0,205.0,0.0,32.0,247,2010.0,1665.0,766.0,899.0,68.0,1413.0,184.0,1523.0,8.0,6.0,36.0,1.0,6.0,16.0,69.0,182.0,1044.0,182.0,132.0,26.0,17.0,4.0,1.0,2.0,862.0,551.0,276.0,28.0,7.0,0.0,0.0,0.0,2007-11,56082.0,11012.0,69412.0,43347.0,54770.0,5580.0
25025030300,16.0,19.0,27.0,25.0,0.3206180589087397,0.2235634958957025,1900.0,535000.0,225000.0,275000.0,3.0,1,1.0,1082.0,1068.0,1037.5,73242.0,15.79,1050.5,12.0,84,11,54,5,0,0,58,0,30,111,18,0,0,112,115,112,0,9.0,9.0,26.0,1020.0,65.0,1040.0,89.0,0.0,0.0,0.0,1052.0,0.0,34.2,1129,2010.0,4872.0,2669.0,2203.0,268.0,3765.0,839.0,3988.0,250.0,12.0,286.0,1.0,18.0,78.0,239.0,741.0,2468.0,741.0,557.0,119.0,55.0,8.0,2.0,0.0,1727.0,1345.0,353.0,24.0,4.0,1.0,0.0,0.0,2007-11,122309.0,14687.0,173173.0,51275.0,68393.0,29773.0
25025030400,0.0,1.0,5.0,1.0,0.23582995951417,0.23582995951417,1910.0,389000.0,68000.0,238400.0,4.0,1,1.0,750.0,765.0,1069.5,58500.0,18.0,750.5,14.0,19,4,27,1,0,0,108,0,9,38,1,1,0,44,46,44,1,5.0,1.0,13.0,455.0,21.0,475.0,20.0,1.0,1.0,6.0,444.0,0.0,33.3,495,2010.0,2451.0,1103.0,1348.0,106.0,2125.0,220.0,2253.0,13.0,5.0,74.0,0.0,6.0,22.0,78.0,268.0,1513.0,268.0,179.0,59.0,21.0,6.0,2.0,1.0,1245.0,819.0,344.0,73.0,9.0,0.0,0.0,0.0,2007-11,60603.0,11581.0,83625.0,65760.0,56733.0,9769.0
25025030500,1.0,4.0,1.0,0.0,0.4038308060654429,0.2003192338387869,1915.0,488000.0,206000.0,288000.0,4.0,1,2.0,946.0,970.0,1127.0,75937.5,18.28,950.5,13.0,34,5,31,0,1,0,83,0,10,76,1,0,0,66,67,66,1,6.0,8.0,12.0,689.0,32.0,713.0,34.0,1.0,0.0,8.0,719.0,0.0,29.2,747,2010.0,2538.0,1199.0,1339.0,113.0,2154.0,271.0,2294.0,13.0,0.0,107.0,0.0,7.0,24.0,93.0,372.0,1457.0,372.0,264.0,71.0,28.0,9.0,0.0,0.0,1085.0,680.0,322.0,74.0,7.0,2.0,0.0,0.0,2007-11,98906.0,22273.0,136719.0,42270.0,71207.0,21935.0
25025040100,0.0,0.0,1.0,1.0,0.4713043478260869,0.1356521739130435,1900.0,460000.0,216000.0,300700.0,5.0,2,2.0,0.0,1093.0,1143.0,55100.0,13.56,1050.5,13.0,13,3,12,0,0,0,20,0,22,17,1,0,0,89,86,89,83,4.0,7.0,8.0,811.0,39.0,856.0,13.0,83.0,24.0,6.0,739.0,0.0,23.0,869,2010.0,2168.0,991.0,1177.0,237.0,1639.0,292.0,2052.0,11.0,2.0,46.0,0.0,1.0,15.0,41.0,451.0,1188.0,451.0,268.0,91.0,64.0,25.0,1.0,2.0,737.0,551.0,156.0,27.0,3.0,0.0,0.0,0.0,2007-11,127039.0,27832.0,159485.0,44750.0,115573.0,57487.0
25025040200,3.0,1.0,0.0,4.0,0.5137362637362637,0.1153846153846153,1892.5,469000.0,213000.0,339800.0,5.0,2,2.0,0.0,1101.0,1078.0,59100.0,15.0,1150.5,11.0,5,2,5,0,1,0,20,0,19,14,0,0,0,34,35,34,71,5.0,1.0,7.0,287.0,10.0,304.0,6.0,71.0,12.0,9.0,213.0,0.0,23.9,310,2010.0,1606.0,731.0,875.0,433.0,1008.0,165.0,861.0,224.0,2.0,130.0,0.0,15.0,23.0,351.0,362.0,663.0,362.0,132.0,89.0,73.0,45.0,16.0,7.0,301.0,236.0,53.0,5.0,4.0,0.0,2.0,1.0,2007-11,48026.0,10478.0,99615.0,18992.0,35000.0,18496.0
25025040300,3.0,1.0,6.0,9.0,0.5553772070626003,0.126270733012306,1885.0,380000.0,175000.0,286400.0,5.0,2,2.0,0.0,1049.0,1068.5,40000.0,11.51,1050.5,14.0,24,5,25,5,5,0,86,1,16,72,8,4,0,152,154,152,300,28.0,4.0,29.0,1306.0,60.0,1397.0,30.0,300.0,52.0,25.0,1018.0,4.0,20.3,1427,2010.0,3882.0,1822.0,2060.0,643.0,2949.0,290.0,3169.0,138.0,1.0,146.0,0.0,1.0,43.0,384.0,845.0,1894.0,845.0,401.0,230.0,148.0,54.0,10.0,2.0,1049.0,708.0,290.0,41.0,8.0,2.0,0.0,0.0,2007-11,115029.0,17003.0,117294.0,25326.0,72717.0,47810.0
25025040401,3.0,4.0,16.0,13.0,0.504524886877828,0.0950226244343891,1899.0,398000.0,180000.0,291650.0,5.0,1,2.0,0.0,1065.0,1024.5,60000.0,18.35,1050.5,13.0,9,0,10,2,0,0,19,0,3,27,4,0,0,56,53,56,79,9.0,5.0,9.0,507.0,21.0,541.0,10.0,79.0,13.0,3.0,442.0,0.0,21.4,551,2010.0,2439.0,1102.0,1337.0,403.0,1719.0,317.0,2002.0,50.0,4.0,203.0,1.0,5.0,30.0,144.0,558.0,1174.0,558.0,242.0,155.0,97.0,42.0,13.0,9.0,616.0,503.0,98.0,12.0,2.0,1.0,0.0,0.0,2007-11,73184.0,12143.0,117083.0,47729.0,55516.0,11135.0
25025040600,8.0,11.0,28.0,31.0,0.4411764705882353,0.1902761104441776,1885.0,390000.0,146500.0,295000.0,5.0,2,2.0,0.0,1131.5,1212.0,50000.0,11.59,1150.5,12.0,19,5,16,5,1,0,73,0,11,36,11,0,1,62,64,62,167,16.0,4.0,11.0,701.0,28.0,737.0,23.0,167.0,27.0,16.0,527.0,0.0,22.2,760,2010.0,2444.0,1177.0,1267.0,240.0,1961.0,243.0,2235.0,36.0,0.0,89.0,1.0,5.0,20.0,58.0,488.0,1238.0,488.0,262.0,126.0,73.0,18.0,6.0,3.0,750.0,479.0,222.0,38.0,9.0,1.0,1.0,0.0,2007-11,116042.0,45849.0,147112.0,20202.0,81474.0,21188.0
25025040801,2.0,1.0,11.0,14.0,0.4976700838769804,0.1472506989748369,1899.0,429397.5,182450.0,287400.0,4.0,2,1.0,0.0,945.0,1115.5,20000.0,5.61,950.5,16.0,9,6,20,4,2,0,181,0,7,35,7,1,0,59,60,59,2,11.0,4.0,13.0,851.0,25.0,892.0,12.0,2.0,0.0,0.0,899.0,0.0,25.4,904,2010.0,3900.0,1766.0,2134.0,729.0,2794.0,377.0,2139.0,305.0,9.0,720.0,8.0,35.0,71.0,613.0,903.0,1876.0,903.0,453.0,229.0,123.0,68.0,20.0,10.0,973.0,787.0,177.0,8.0,0.0,1.0,0.0,0.0,2007-11,37000.0,13920.0,168813.0,29393.0,18281.0,10313.0
25025050101,5.0,24.0,21.0,33.0,0.4352078239608802,0.1784841075794621,1900.0,249000.0,83000.0,198000.0,10.0,2,4.0,1875.0,2097.0,789.0,25000.0,10.6,2050.5,11.0,17,7,13,18,10,0,24,0,16,50,44,6,0,62,65,62,80,40.0,12.0,23.0,399.0,33.0,475.0,32.0,80.0,106.0,187.0,117.0,1.0,38.1,507,2010.0,5115.0,2694.0,2421.0,1330.0,3414.0,371.0,1428.0,132.0,11.0,287.0,0.0,29.0,88.0,3140.0,1053.0,1713.0,1053.0,256.0,239.0,213.0,169.0,84.0,92.0,660.0,516.0,95.0,27.0,13.0,6.0,2.0,1.0,2007-11,33939.0,10191.0,84280.0,9152.0,27700.0,4045.0
25025050200,7.0,18.0,26.0,18.0,0.3954685890834191,0.238928939237899,1900.0,280000.0,107000.0,215200.0,11.0,3,5.0,1800.0,2138.0,715.0,20000.0,9.18,2150.5,11.0,15,8,19,28,8,1,26,0,23,52,58,4,3,88,92,88,74,57.0,14.0,38.0,459.0,47.0,579.0,36.0,74.0,132.0,265.0,96.0,0.0,33.0,615,2010.0,5231.0,2736.0,2495.0,1332.0,3557.0,342.0,1353.0,135.0,8.0,129.0,1.0,96.0,82.0,3427.0,1148.0,1695.0,1148.0,276.0,289.0,281.0,150.0,70.0,82.0,547.0,373.0,105.0,31.0,19.0,12.0,5.0,2.0,2007-11,50733.0,7687.0,62083.0,11003.0,43750.0,9469.0
25025050300,23.0,20.0,50.0,53.0,0.2862903225806452,0.3427419354838709,1910.0,241600.0,0.0,169450.0,4.0,1,2.0,947.0,1800.0,938.0,36000.0,16.8,1850.5,14.0,7,3,3,2,2,0,45,0,6,14,6,0,0,14,15,14,2,7.0,2.0,11.0,111.0,7.0,130.0,8.0,2.0,11.0,38.0,62.0,0.0,31.2,138,2010.0,2251.0,1107.0,1144.0,517.0,1413.0,321.0,650.0,231.0,4.0,236.0,0.0,40.0,62.0,1028.0,464.0,973.0,464.0,161.0,123.0,94.0,57.0,17.0,12.0,509.0,419.0,55.0,21.0,9.0,1.0,3.0,1.0,2007-11,15907.0,2215.0,49861.0,65351.0,15331.0,2290.0
25025050400,2.0,15.0,10.0,5.0,0.3677811550151976,0.2355623100303951,1900.0,254900.0,51000.0,198000.0,5.0,2,2.0,1215.0,1598.0,681.0,69000.0,32.56,1550.5,12.0,10,3,12,5,0,0,8,0,8,29,9,0,2,31,32,31,28,8.0,10.0,6.0,215.0,14.0,239.0,14.0,28.0,23.0,69.0,91.0,1.0,39.5,253,2010.0,2372.0,1317.0,1055.0,411.0,1738.0,223.0,935.0,66.0,5.0,63.0,0.0,52.0,47.0,1204.0,480.0,967.0,480.0,141.0,137.0,99.0,62.0,21.0,20.0,487.0,342.0,104.0,23.0,13.0,3.0,1.0,1.0,2007-11,48697.0,10450.0,88824.0,31532.0,41359.0,10604.0
25025050500,2.0,13.0,6.0,6.0,0.2872062663185378,0.3028720626631854,1905.0,205000.0,29000.0,158100.0,4.0,1,2.0,824.0,817.0,719.5,20000.0,11.43,850.5,11.0,7,1,6,6,1,0,24,0,4,12,12,2,1,21,21,21,1,7.0,7.0,6.0,159.0,8.0,176.0,11.0,1.0,1.0,28.0,134.0,0.0,31.6,187,2010.0,1857.0,1017.0,840.0,376.0,1364.0,117.0,710.0,29.0,0.0,48.0,0.0,43.0,31.0,996.0,381.0,659.0,381.0,104.0,98.0,85.0,46.0,22.0,26.0,278.0,178.0,61.0,21.0,6.0,8.0,3.0,1.0,2007-11,40625.0,12782.0,75208.0,15179.0,33873.0,5642.0
25025050600,5.0,4.0,13.0,8.0,0.3044354838709677,0.2923387096774194,1910.0,282399.0,0.0,214435.0,2.0,1,1.0,948.0,990.0,698.0,33000.0,13.79,950.5,10.0,17,2,15,12,1,0,200,0,27,36,27,0,2,81,83,81,9,21.0,17.0,21.0,468.0,26.0,528.0,25.0,9.0,23.0,80.0,385.0,0.0,28.0,553,2010.0,2063.0,1201.0,862.0,431.0,1481.0,151.0,523.0,40.0,5.0,45.0,0.0,44.0,32.0,1374.0,417.0,746.0,417.0,101.0,108.0,104.0,57.0,24.0,23.0,329.0,203.0,84.0,24.0,15.0,1.0,2.0,0.0,2007-11,56875.0,5542.0,56019.0,991.0,58275.0,13836.0
25025050700,4.0,6.0,19.0,25.0,0.3310344827586207,0.2241379310344827,1900.0,279950.0,95000.0,220000.0,11.0,3,5.0,1551.5,2185.0,866.0,13000.0,4.46,2200.5,11.0,16,7,27,16,13,0,18,0,11,58,31,13,1,66,70,66,43,52.0,12.0,36.0,375.0,29.0,471.0,33.0,43.0,48.0,262.0,98.0,1.0,35.1,504,2010.0,4504.0,2526.0,1978.0,1011.0,3265.0,228.0,1225.0,82.0,5.0,86.0,0.0,154.0,46.0,2906.0,924.0,1455.0,924.0,211.0,213.0,243.0,140.0,64.0,53.0,531.0,292.0,130.0,56.0,32.0,16.0,4.0,1.0,2007-11,57566.0,13985.0,83869.0,24767.0,54730.0,16891.0
25025050901,3.0,16.0,17.0,7.0,0.3788049605411499,0.2187147688838782,1900.0,280000.0,90000.0,224000.0,11.0,3,5.0,1819.0,2358.0,952.5,13372.0,8.77,2350.5,13.0,9,1,14,23,5,1,11,0,11,36,41,2,1,48,48,48,63,40.0,9.0,21.0,348.0,17.0,406.0,29.0,63.0,100.0,184.0,36.0,0.0,33.3,435,2010.0,4165.0,2239.0,1926.0,998.0,2923.0,244.0,1215.0,70.0,3.0,86.0,0.0,50.0,37.0,2704.0,877.0,1324.0,877.0,209.0,198.0,202.0,126.0,68.0,74.0,447.0,285.0,94.0,34.0,21.0,9.0,4.0,0.0,2007-11,51038.0,15748.0,76875.0,17072.0,34871.0,9074.0
25025051000,10.0,18.0,33.0,59.0,0.4989473684210526,0.1778947368421052,1910.0,289950.0,0.0,228750.0,8.0,2,4.0,2500.0,1958.0,867.0,1280.0,0.83,1950.5,12.0,12,9,13,11,5,1,20,0,16,42,18,4,4,26,26,26,71,20.0,7.0,13.0,272.0,24.0,314.0,22.0,71.0,98.0,76.0,55.0,3.0,44.6,336,2010.0,4089.0,1981.0,2108.0,838.0,2700.0,551.0,2216.0,98.0,7.0,121.0,1.0,27.0,47.0,1572.0,988.0,1670.0,988.0,364.0,256.0,216.0,92.0,34.0,26.0,682.0,559.0,91.0,25.0,2.0,5.0,0.0,0.0,2007-11,42301.0,16062.0,66181.0,17262.0,31397.0,6546.0
25025051101,7.0,16.0,17.0,14.0,0.5105762217359592,0.1692195477753464,1920.0,295000.0,25000.0,228937.0,7.0,2,3.0,3600.0,1895.0,821.0,2600.0,0.58,1900.5,11.0,10,5,10,14,4,0,28,0,6,48,32,7,1,42,44,42,117,28.0,8.0,11.0,415.0,27.0,467.0,22.0,117.0,107.0,75.0,151.0,1.0,42.3,489,2010.0,6093.0,3006.0,3087.0,1345.0,3999.0,749.0,3189.0,328.0,13.0,228.0,1.0,70.0,89.0,2175.0,1422.0,2190.0,1422.0,463.0,368.0,316.0,153.0,65.0,57.0,768.0,547.0,152.0,38.0,22.0,8.0,1.0,0.0,2007-11,53750.0,12382.0,78399.0,18022.0,45417.0,22499.0
25025051200,9.0,10.0,29.0,14.0,0.4038245219347581,0.1788526434195725,1900.0,261000.0,2500.0,210250.0,6.0,2,3.0,1139.0,1474.0,738.0,41000.0,19.0,1550.5,11.0,4,6,17,9,4,0,27,0,12,47,13,3,1,47,49,47,54,18.0,9.0,21.0,321.0,19.0,374.0,14.0,54.0,50.0,80.0,157.0,5.0,32.0,388,2010.0,2379.0,1257.0,1122.0,400.0,1756.0,223.0,1349.0,59.0,4.0,52.0,0.0,50.0,43.0,822.0,509.0,1023.0,509.0,182.0,146.0,102.0,40.0,23.0,16.0,514.0,364.0,123.0,17.0,9.0,1.0,0.0,0.0,2007-11,46890.0,5731.0,71493.0,15291.0,43508.0,5494.0
25025060101,2.0,1.0,0.0,2.0,0.4506578947368421,0.1486842105263157,1905.0,350000.0,0.0,264000.0,5.0,1,2.0,1077.0,1079.0,1141.0,49412.0,14.79,1050.5,13.0,9,3,8,5,1,0,53,0,16,45,11,1,0,47,52,47,50,8.0,12.0,12.0,633.0,34.0,684.0,15.0,50.0,30.0,27.0,583.0,0.0,29.6,699,2010.0,3216.0,1542.0,1674.0,301.0,2475.0,440.0,3115.0,18.0,4.0,14.0,1.0,1.0,19.0,44.0,591.0,1575.0,591.0,303.0,145.0,98.0,36.0,6.0,3.0,984.0,643.0,228.0,88.0,23.0,2.0,0.0,0.0,2007-11,82500.0,15375.0,92647.0,10876.0,71759.0,17687.0
25025060200,0.0,1.0,0.0,1.0,0.4634433962264151,0.1415094339622641,1905.0,350000.0,0.0,280000.0,5.0,2,2.0,1021.0,1044.0,1335.5,35000.0,10.725,1050.5,11.0,1,3,5,0,0,0,25,0,11,21,2,0,0,22,22,22,28,3.0,2.0,19.0,329.0,18.0,370.0,1.0,28.0,24.0,15.0,301.0,0.0,31.8,371,2010.0,1916.0,866.0,1050.0,204.0,1499.0,213.0,1884.0,3.0,0.0,7.0,0.0,0.0,9.0,13.0,352.0,927.0,352.0,173.0,90.0,61.0,19.0,8.0,1.0,575.0,330.0,175.0,63.0,6.0,1.0,0.0,0.0,2007-11,90577.0,13336.0,111016.0,35549.0,87750.0,21260.0
25025060301,0.0,2.0,5.0,3.0,0.4410150891632373,0.1556927297668038,1900.0,349500.0,0.0,265525.0,4.0,2,2.0,1035.5,1054.0,1051.0,30400.0,10.065,1050.5,15.0,9,1,6,4,2,0,73,0,10,58,6,2,0,52,54,52,60,10.0,7.0,19.0,637.0,29.0,691.0,11.0,60.0,27.0,17.0,587.0,1.0,26.9,702,2010.0,3076.0,1419.0,1657.0,268.0,2377.0,431.0,2969.0,20.0,1.0,28.0,0.0,8.0,22.0,28.0,542.0,1540.0,542.0,287.0,132.0,71.0,36.0,13.0,3.0,998.0,622.0,267.0,91.0,16.0,2.0,0.0,0.0,2007-11,89318.0,13295.0,104125.0,22517.0,73870.0,33377.0
25025060400,6.0,3.0,4.0,7.0,0.4401794616151545,0.154037886340977,1900.0,340000.0,0.0,260000.0,4.0,2,2.0,1015.5,1034.5,1064.5,41000.0,14.31,1050.5,12.0,18,10,16,12,4,0,93,0,42,79,26,3,0,112,115,112,189,25.0,15.0,25.0,1012.0,49.0,1099.0,27.0,189.0,43.0,40.0,838.0,0.0,24.0,1126,2010.0,4904.0,2193.0,2711.0,425.0,3626.0,853.0,4626.0,50.0,5.0,85.0,2.0,2.0,44.0,90.0,827.0,2378.0,827.0,456.0,185.0,120.0,49.0,12.0,5.0,1551.0,992.0,402.0,115.0,34.0,5.0,3.0,0.0,2007-11,78220.0,15071.0,109125.0,16311.0,48250.0,15664.0
25025060501,1.0,5.0,8.0,2.0,0.3773905652358691,0.1767955801104972,1905.0,340000.0,0.0,266000.0,4.0,2,2.0,978.0,1001.0,1101.0,38250.0,13.33,1050.5,14.0,23,8,27,6,4,0,124,0,26,150,17,3,0,90,94,90,88,18.0,17.0,32.0,943.0,49.0,1033.0,26.0,88.0,42.0,33.0,842.0,1.0,24.9,1059,2010.0,3571.0,1765.0,1806.0,305.0,3002.0,264.0,3343.0,22.0,2.0,99.0,1.0,5.0,27.0,72.0,611.0,1831.0,611.0,330.0,155.0,86.0,27.0,7.0,6.0,1220.0,722.0,354.0,126.0,18.0,0.0,0.0,0.0,2007-11,91630.0,14609.0,124718.0,17415.0,78973.0,10056.0
25025060600,19.0,26.0,59.0,51.0,0.2827868852459016,0.2971311475409836,1920.0,329750.0,0.0,247000.0,4.0,1,2.0,1008.0,988.0,985.5,50105.0,20.82,950.5,12.0,37,3,17,4,3,0,176,0,23,43,8,3,1,55,59,55,34,10.0,6.0,14.0,582.0,39.0,611.0,40.0,34.0,9.0,6.0,528.0,3.0,27.5,651,2010.0,2357.0,1201.0,1156.0,121.0,2096.0,140.0,2039.0,29.0,7.0,150.0,1.0,6.0,33.0,92.0,389.0,1370.0,389.0,275.0,67.0,32.0,10.0,3.0,2.0,981.0,621.0,327.0,29.0,4.0,0.0,0.0,0.0,2007-11,81627.0,10430.0,80682.0,19132.0,81875.0,17071.0
25025060700,7.0,1.0,6.0,15.0,0.0,0.0,2006.0,485000.0,0.0,335000.0,5.0,3,2.0,1478.0,1478.0,,,,1450.5,,0,0,0,0,0,0,0,0,0,0,0,0,0,0,0,0,0,0.0,0.0,0.0,1.0,0.0,1.0,0.0,0.0,0.0,0.0,1.0,0.0,100.0,1,2010.0,1893.0,770.0,1123.0,718.0,1064.0,111.0,354.0,381.0,1.0,185.0,0.0,37.0,58.0,877.0,473.0,617.0,473.0,132.0,126.0,105.0,46.0,30.0,34.0,144.0,137.0,5.0,1.0,1.0,0.0,0.0,0.0,2007-11,17592.0,3445.0,0.0,0.0,17592.0,3445.0
25025060800,2.0,1.0,6.0,5.0,0.3610648918469218,0.1846921797004991,1900.0,286500.0,66175.0,228000.0,4.0,1,2.0,903.0,912.0,1070.0,37000.0,14.115,950.5,12.0,37,15,37,20,14,0,101,0,62,158,37,10,5,142,148,142,175,48.0,19.0,37.0,1284.0,60.0,1394.0,54.0,175.0,37.0,35.0,1114.0,1.0,25.8,1448,2010.0,3964.0,1963.0,2001.0,341.0,3329.0,294.0,3577.0,39.0,6.0,183.0,1.0,11.0,41.0,106.0,643.0,2002.0,643.0,328.0,167.0,89.0,37.0,15.0,7.0,1359.0,804.0,419.0,104.0,26.0,5.0,1.0,0.0,2007-11,80000.0,13295.0,96429.0,5571.0,66724.0,26182.0
25025061000,20.0,2.0,3.0,3.0,0.4259259259259259,0.137037037037037,1900.0,312500.0,1000.0,256800.0,4.0,1,2.0,881.0,910.0,1142.0,27000.0,8.8,950.5,13.0,4,1,3,4,3,0,31,0,5,18,8,0,1,17,22,17,26,7.0,2.0,7.0,301.0,10.0,320.0,7.0,26.0,11.0,7.0,278.0,0.0,16.5,327,2010.0,3098.0,1402.0,1696.0,854.0,2070.0,174.0,1284.0,464.0,3.0,342.0,0.0,49.0,61.0,895.0,717.0,1239.0,717.0,244.0,214.0,142.0,64.0,28.0,25.0,522.0,371.0,124.0,15.0,9.0,3.0,0.0,0.0,2007-11,26471.0,1925.0,79460.0,68909.0,21473.0,7997.0
25025061101,10.0,1.0,5.0,19.0,0.1470588235294117,0.1764705882352941,1905.5,377500.0,64000.0,292500.0,5.0,2,2.0,1736.0,1562.0,319.0,70000.0,46.67,1550.5,10.0,0,0,0,0,0,0,0,0,0,0,0,0,0,1,1,1,0,1.0,1.0,0.0,7.0,1.0,10.0,0.0,0.0,3.0,0.0,5.0,0.0,40.0,10,2010.0,2232.0,983.0,1249.0,713.0,1348.0,171.0,449.0,467.0,7.0,313.0,2.0,9.0,50.0,935.0,582.0,982.0,582.0,243.0,171.0,99.0,45.0,15.0,9.0,400.0,363.0,28.0,5.0,3.0,1.0,0.0,0.0,2007-11,11956.0,5415.0,0.0,0.0,11956.0,5415.0
25025061200,1.0,4.0,20.0,22.0,0.3673876871880199,0.2066555740432612,1910.0,404000.0,0.0,272000.0,4.0,1,2.0,1131.0,1131.0,941.0,40046.0,12.805,1150.5,13.0,93,15,48,8,13,0,338,0,130,92,25,9,0,161,173,161,69,52.0,31.0,44.0,1234.0,66.0,1328.0,99.0,69.0,16.0,39.0,1176.0,9.0,28.0,1427,2010.0,3240.0,1704.0,1536.0,265.0,2781.0,194.0,2743.0,68.0,2.0,222.0,3.0,10.0,36.0,156.0,566.0,1753.0,566.0,332.0,133.0,67.0,16.0,10.0,8.0,1187.0,766.0,344.0,55.0,20.0,2.0,0.0,0.0,2007-11,67813.0,5099.0,88750.0,37838.0,58063.0,18099.0
25025070101,16.0,26.0,41.0,31.0,0.2364398422090729,0.2985700197238659,1989.0,650000.0,0.0,317600.0,3.0,2,1.0,1189.0,1156.0,1007.0,68500.0,10.89,1150.5,12.0,196,46,151,5,0,0,566,0,99,138,12,0,1,221,226,221,0,26.0,37.0,72.0,2027.0,171.0,2133.0,200.0,0.0,0.0,0.0,2085.0,0.0,30.6,2333,2010.0,5902.0,3129.0,2773.0,358.0,4817.0,727.0,3524.0,274.0,3.0,1604.0,3.0,11.0,123.0,360.0,879.0,2875.0,879.0,608.0,150.0,83.0,27.0,6.0,5.0,1996.0,1603.0,353.0,22.0,13.0,3.0,1.0,1.0,2007-11,47609.0,19226.0,142969.0,40220.0,19058.0,5433.0
25025070200,0.0,14.0,14.0,11.0,0.1900826446280991,0.3057851239669421,2004.0,484500.0,0.0,200000.0,4.0,2,2.0,1050.0,1052.5,904.0,31499.5,7.92,1050.5,7.0,25,1,5,0,1,0,134,0,10,13,2,1,0,23,24,23,1,3.0,2.0,13.0,210.0,10.0,213.0,25.0,1.0,4.0,5.0,184.0,0.0,42.4,238,2010.0,5218.0,2353.0,2865.0,487.0,4020.0,711.0,1749.0,182.0,3.0,3038.0,1.0,9.0,76.0,160.0,825.0,1533.0,825.0,350.0,210.0,166.0,60.0,26.0,13.0,708.0,553.0,107.0,35.0,8.0,4.0,1.0,0.0,2007-11,14823.0,6040.0,96736.0,64508.0,13674.0,3887.0
25025070300,10.0,8.0,9.0,7.0,0.4143497757847533,0.2094170403587444,1900.0,603000.5,206000.0,300000.0,4.0,2,2.0,1015.0,1076.0,1058.0,79000.0,16.29,1050.5,15.0,58,15,93,4,0,0,430,0,28,145,7,0,0,184,192,184,95,16.0,20.0,40.0,1760.0,76.0,1851.0,61.0,95.0,11.0,16.0,1741.0,0.0,25.1,1912,2010.0,3909.0,2075.0,1834.0,251.0,3057.0,601.0,2983.0,105.0,4.0,567.0,1.0,17.0,71.0,161.0,659.0,2448.0,659.0,463.0,122.0,57.0,16.0,1.0,0.0,1789.0,1374.0,370.0,30.0,13.0,1.0,0.0,1.0,2007-11,117436.0,20734.0,132141.0,22087.0,90417.0,42353.0
25025070402,30.0,35.0,48.0,48.0,0.275609756097561,0.2292682926829268,2002.0,379000.0,0.0,215000.0,2.0,1,0.0,1259.0,1002.0,2050.0,58246.5,31.085,1050.5,,3,0,0,0,0,0,4,0,2,0,0,0,0,0,0,0,0,0.0,0.0,0.0,11.0,0.0,8.0,3.0,0.0,0.0,0.0,6.0,0.0,18.2,11,2010.0,1723.0,765.0,958.0,365.0,919.0,439.0,110.0,221.0,2.0,1206.0,0.0,6.0,20.0,158.0,409.0,666.0,409.0,159.0,92.0,103.0,33.0,13.0,9.0,257.0,229.0,13.0,9.0,5.0,1.0,0.0,0.0,2007-11,15484.0,2116.0,0.0,0.0,15484.0,2116.0
25025070500,20.0,27.0,18.0,45.0,0.4140625,0.15625,1900.0,472500.0,248500.0,322700.0,4.0,1,2.0,916.0,932.0,1079.5,79000.0,20.14,950.5,15.0,23,8,29,3,0,0,114,0,82,62,4,0,0,155,167,155,51,15.0,13.0,18.0,1248.0,50.0,1319.0,25.0,51.0,7.0,10.0,1240.0,0.0,23.1,1344,2010.0,5460.0,2771.0,2689.0,750.0,4183.0,527.0,2962.0,381.0,4.0,937.0,0.0,17.0,89.0,1070.0,1030.0,2903.0,1030.0,530.0,249.0,168.0,51.0,20.0,12.0,1873.0,1350.0,469.0,44.0,9.0,0.0,0.0,1.0,2007-11,71058.0,22641.0,138125.0,29150.0,38263.0,9331.0
25025070600,1.0,1.0,1.0,2.0,0.4726530612244898,0.1771428571428571,1899.0,517500.0,285000.0,333700.0,4.0,1,2.0,976.0,1006.0,1040.0,90000.0,18.18,1050.5,14.0,8,2,23,1,1,0,16,0,3,33,2,1,0,87,89,87,33,9.0,7.0,12.0,679.0,38.0,736.0,9.0,33.0,55.0,10.0,626.0,2.0,23.2,745,2010.0,2240.0,1218.0,1022.0,233.0,1794.0,213.0,1838.0,91.0,3.0,130.0,1.0,15.0,48.0,114.0,408.0,1210.0,408.0,237.0,89.0,63.0,18.0,0.0,1.0,802.0,521.0,247.0,18.0,15.0,0.0,1.0,0.0,2007-11,87060.0,10942.0,97500.0,21927.0,75163.0,33075.0
25025070700,11.0,17.0,16.0,23.0,0.4358452138492871,0.1771894093686354,1899.0,539500.0,266000.0,338275.0,4.0,1,2.0,934.0,934.0,1095.0,75000.0,15.87,950.5,15.0,9,9,14,0,1,0,100,0,8,25,0,2,0,47,47,47,11,5.0,4.0,16.0,554.0,27.0,597.0,9.0,11.0,2.0,5.0,576.0,0.0,24.6,606,2010.0,2361.0,1132.0,1229.0,305.0,1844.0,212.0,1287.0,553.0,7.0,234.0,0.0,14.0,72.0,194.0,480.0,1238.0,480.0,266.0,117.0,63.0,24.0,8.0,2.0,758.0,539.0,174.0,33.0,10.0,2.0,0.0,0.0,2007-11,61190.0,21306.0,109732.0,111303.0,43732.0,6919.0
25025070800,8.0,9.0,33.0,41.0,0.3901569186875891,0.2039942938659058,1899.0,435000.0,230000.0,300700.0,4.0,1,2.0,870.0,869.0,1022.0,62000.0,16.14,850.5,15.0,19,8,21,0,0,0,63,0,13,33,0,0,0,109,111,109,14,8.0,13.0,23.0,838.0,31.0,894.0,19.0,14.0,12.0,3.0,853.0,0.0,19.8,913,2010.0,3706.0,1981.0,1725.0,335.0,3108.0,263.0,2307.0,685.0,3.0,264.0,0.0,20.0,90.0,337.0,550.0,2044.0,550.0,313.0,140.0,66.0,24.0,4.0,3.0,1494.0,1021.0,336.0,77.0,44.0,11.0,5.0,0.0,2007-11,56589.0,20820.0,166786.0,70706.0,30673.0,14891.0
25025070900,13.0,18.0,18.0,50.0,0.4131082423038729,0.1916583912611718,1899.0,419000.0,216000.0,296800.0,4.0,1,2.0,880.0,873.0,1139.0,66000.0,16.44,850.5,14.0,5,13,7,3,1,0,49,0,19,39,4,0,0,77,82,77,8,20.0,7.0,13.0,717.0,22.0,772.0,7.0,8.0,2.0,2.0,749.0,0.0,18.6,779,2010.0,3329.0,1690.0,1639.0,575.0,2435.0,319.0,1482.0,747.0,9.0,270.0,1.0,11.0,95.0,714.0,590.0,1728.0,590.0,284.0,141.0,90.0,50.0,16.0,9.0,1138.0,809.0,272.0,44.0,11.0,1.0,1.0,0.0,2007-11,51034.0,13375.0,130082.0,22289.0,25388.0,13356.0
25025071101,38.0,20.0,39.0,66.0,0.4016768292682927,0.1516768292682926,1905.0,375000.0,139000.0,263150.0,4.0,1,2.0,875.0,866.0,1150.0,55500.0,17.74,850.5,11.0,18,10,14,1,1,0,100,0,21,53,3,2,0,71,75,71,25,13.0,15.0,26.0,741.0,20.0,795.0,20.0,25.0,2.0,7.0,750.0,0.0,25.9,815,2010.0,3753.0,2032.0,1721.0,293.0,3084.0,376.0,1837.0,593.0,17.0,670.0,1.0,38.0,84.0,513.0,499.0,2088.0,499.0,320.0,102.0,53.0,10.0,7.0,7.0,1589.0,1140.0,396.0,48.0,5.0,0.0,0.0,0.0,2007-11,44076.0,9516.0,78750.0,61316.0,23036.0,16317.0
25025071201,6.0,7.0,11.0,25.0,0.3338557993730408,0.2163009404388714,1999.0,490000.0,0.0,312800.0,3.0,2,1.0,1177.0,1173.0,1031.0,96500.0,22.86,1150.5,13.0,15,5,5,1,0,0,99,0,8,48,3,0,0,39,39,39,2,4.0,5.0,10.0,317.0,19.0,340.0,15.0,2.0,0.0,1.0,335.0,0.0,34.1,355,2010.0,3131.0,1668.0,1463.0,560.0,2251.0,320.0,1218.0,592.0,7.0,476.0,4.0,18.0,58.0,758.0,583.0,1304.0,583.0,261.0,138.0,114.0,41.0,16.0,13.0,721.0,530.0,170.0,19.0,0.0,1.0,0.0,1.0,2007-11,37923.0,18474.0,117019.0,64430.0,17218.0,7665.0
25025080100,24.0,19.0,15.0,43.0,0.1739130434782608,0.3768115942028985,1890.0,350000.0,82500.0,200000.0,5.0,1,2.0,2205.0,2266.0,836.0,22000.0,8.07,2350.5,13.0,62,20,22,14,5,0,24,0,27,55,28,2,5,37,39,37,49,33.0,12.0,22.0,238.0,19.0,253.0,71.0,49.0,23.0,59.0,85.0,1.0,41.7,324,2010.0,3350.0,2226.0,1124.0,415.0,2748.0,187.0,516.0,1448.0,6.0,44.0,0.0,283.0,111.0,942.0,426.0,681.0,426.0,142.0,129.0,73.0,49.0,14.0,19.0,255.0,198.0,46.0,7.0,3.0,0.0,0.0,1.0,2007-11,40329.0,22885.0,85375.0,10152.0,15759.0,9365.0
25025080300,19.0,20.0,29.0,42.0,0.3174224343675417,0.2195704057279236,1900.0,237981.0,35000.0,124000.0,7.0,2,3.0,2444.0,1896.0,657.5,-18100.0,-12.04,1950.5,8.0,16,14,16,14,8,0,29,0,28,24,26,7,0,24,27,24,27,28.0,6.0,22.0,157.0,14.0,199.0,28.0,27.0,27.0,44.0,66.0,2.0,37.9,227,2010.0,1769.0,756.0,1013.0,525.0,1098.0,146.0,83.0,1065.0,11.0,16.0,0.0,45.0,41.0,508.0,400.0,693.0,400.0,124.0,113.0,83.0,42.0,24.0,14.0,293.0,250.0,29.0,4.0,7.0,1.0,1.0,1.0,2007-11,23315.0,13931.0,71250.0,47784.0,16050.0,7596.0
25025080401,20.0,28.0,22.0,78.0,0.1972972972972973,0.3027027027027027,1920.0,279500.0,0.0,200000.0,3.0,1,1.0,1330.0,1295.0,1204.5,69250.0,19.46,1350.5,10.0,18,9,6,2,2,0,41,0,20,14,8,0,1,10,10,10,1,9.0,5.0,4.0,131.0,9.0,138.0,20.0,1.0,4.0,5.0,107.0,0.0,43.0,158,2010.0,2710.0,1186.0,1524.0,700.0,1709.0,301.0,200.0,1349.0,16.0,66.0,0.0,15.0,80.0,984.0,670.0,1225.0,670.0,286.0,220.0,95.0,46.0,7.0,16.0,555.0,498.0,43.0,13.0,1.0,0.0,0.0,0.0,2007-11,13446.0,3867.0,69203.0,19935.0,11712.0,2483.0
25025080500,48.0,23.0,13.0,28.0,0.2216494845360824,0.2474226804123711,1890.0,336500.0,153750.0,239600.0,5.0,2,2.0,845.0,1164.0,905.0,66200.0,15.38,1150.5,9.0,2,2,8,7,0,0,1,0,5,11,10,0,3,22,20,22,43,8.0,4.0,9.0,129.0,12.0,156.0,6.0,43.0,5.0,24.0,72.0,1.0,36.4,162,2010.0,3096.0,1362.0,1734.0,948.0,1889.0,259.0,233.0,1369.0,2.0,99.0,1.0,13.0,50.0,1329.0,763.0,1269.0,763.0,295.0,218.0,141.0,62.0,28.0,19.0,506.0,408.0,52.0,32.0,12.0,2.0,0.0,0.0,2007-11,16136.0,7200.0,59087.0,88860.0,14964.0,7273.0
25025080601,5.0,11.0,23.0,58.0,0.2391304347826087,0.2732919254658385,1990.0,201950.0,0.0,135200.0,4.0,1,2.0,1110.5,1081.0,974.0,54840.0,42.21,1050.5,11.0,5,1,4,0,1,0,10,0,53,13,1,2,2,14,14,14,9,2.0,4.0,3.0,126.0,11.0,141.0,5.0,9.0,6.0,5.0,101.0,0.0,45.9,146,2010.0,4271.0,2048.0,2223.0,492.0,3687.0,92.0,2146.0,850.0,12.0,385.0,0.0,45.0,90.0,743.0,388.0,882.0,388.0,126.0,115.0,85.0,35.0,16.0,11.0,494.0,293.0,74.0,58.0,56.0,10.0,2.0,1.0,2007-11,21422.0,9314.0,56579.0,36848.0,18862.0,4287.0
25025080801,35.0,4.0,7.0,33.0,0.0,0.2033898305084746,1988.0,195500.0,97500.0,88625.0,7.0,2,4.5,1697.0,1697.0,310.0,41000.0,29.17,1650.5,11.0,1,1,2,1,0,0,0,0,1,5,2,0,2,3,3,3,0,1.0,2.0,0.0,13.0,0.0,14.0,2.0,0.0,3.0,0.0,9.0,0.0,37.5,16,2010.0,3885.0,1916.0,1969.0,770.0,2928.0,187.0,1258.0,791.0,19.0,386.0,0.0,12.0,74.0,1345.0,567.0,927.0,567.0,177.0,150.0,115.0,53.0,42.0,30.0,360.0,247.0,37.0,28.0,30.0,9.0,5.0,4.0,2007-11,15994.0,3203.0,45764.0,60236.0,15817.0,2763.0
25025080900,14.0,3.0,17.0,13.0,0.1957894736842105,0.4210526315789473,1900.0,540000.0,66000.0,360000.0,9.0,3,4.0,2000.0,2664.0,959.5,134500.0,30.59,2650.5,14.0,34,3,10,1,0,0,25,0,3,17,1,0,1,30,32,30,51,16.0,27.0,14.0,185.0,27.0,234.0,35.0,51.0,16.0,94.0,62.0,4.0,37.5,269,2010.0,4008.0,2123.0,1885.0,206.0,3531.0,271.0,2601.0,329.0,5.0,660.0,4.0,8.0,88.0,313.0,323.0,1686.0,323.0,171.0,66.0,48.0,18.0,14.0,6.0,1363.0,632.0,227.0,186.0,231.0,58.0,25.0,4.0,2007-11,36450.0,7939.0,30375.0,45699.0,37955.0,9349.0
25025081001,26.0,7.0,39.0,43.0,0.1367647058823529,0.3352941176470588,1910.0,322075.0,118000.0,231800.0,5.0,1,2.0,1154.0,1148.0,960.0,55000.0,17.64,1150.5,13.0,19,5,8,3,0,0,18,0,15,26,3,0,0,51,53,51,8,13.0,17.0,19.0,291.0,24.0,340.0,24.0,8.0,27.0,73.0,217.0,2.0,30.2,364,2010.0,4890.0,2304.0,2586.0,662.0,3632.0,596.0,2180.0,684.0,19.0,920.0,3.0,14.0,120.0,950.0,814.0,2234.0,814.0,380.0,227.0,126.0,58.0,13.0,10.0,1420.0,875.0,247.0,164.0,101.0,22.0,9.0,2.0,2007-11,28932.0,9090.0,88239.0,69460.0,26287.0,8234.0
25025081100,6.0,31.0,24.0,6.0,0.4084507042253521,0.1787648970747562,1920.0,251375.0,0.0,183200.0,4.5,1,2.0,1130.0,1080.0,1004.0,49250.0,21.56,1050.5,12.0,23,5,14,4,7,0,56,0,25,36,7,2,0,52,58,52,21,19.0,13.0,22.0,497.0,25.0,550.0,26.0,21.0,28.0,59.0,428.0,4.0,39.4,576,2010.0,4091.0,2043.0,2048.0,339.0,3034.0,718.0,1953.0,876.0,6.0,549.0,1.0,15.0,83.0,608.0,468.0,1682.0,468.0,209.0,125.0,82.0,30.0,11.0,11.0,1214.0,727.0,251.0,115.0,94.0,13.0,11.0,3.0,2007-11,45125.0,7114.0,88571.0,19440.0,39375.0,11612.0
25025081200,7.0,10.0,8.0,16.0,0.4318181818181818,0.2102272727272727,1900.0,290000.0,0.0,225225.0,6.0,1,3.0,2117.0,1387.0,590.5,45000.0,13.51,1350.5,12.0,5,1,7,5,0,0,33,0,3,12,8,0,0,22,24,22,49,7.0,1.0,4.0,155.0,6.0,164.0,9.0,49.0,7.0,21.0,81.0,0.0,45.7,173,2010.0,3265.0,1449.0,1816.0,1040.0,1945.0,280.0,393.0,962.0,3.0,83.0,0.0,17.0,87.0,1720.0,741.0,1125.0,741.0,186.0,207.0,179.0,96.0,38.0,35.0,384.0,282.0,47.0,38.0,11.0,2.0,1.0,3.0,2007-11,18198.0,5850.0,126190.0,10367.0,15935.0,3927.0
25025081300,41.0,32.0,67.0,107.0,0.275,0.3066666666666666,1905.0,250000.0,0.0,196800.0,5.0,2,2.0,2006.0,1635.0,782.0,6133.0,3.28,1750.5,10.0,15,10,15,4,8,0,28,0,18,19,12,6,2,24,25,24,43,18.0,11.0,16.0,179.0,9.0,212.0,21.0,43.0,16.0,32.0,91.0,1.0,41.6,233,2010.0,4760.0,2146.0,2614.0,1250.0,2851.0,659.0,299.0,2012.0,22.0,39.0,5.0,27.0,95.0,2261.0,1054.0,2001.0,1054.0,376.0,278.0,203.0,107.0,51.0,39.0,947.0,838.0,83.0,18.0,6.0,2.0,0.0,0.0,2007-11,20404.0,3636.0,80948.0,23729.0,18309.0,4039.0
25025081400,20.0,15.0,39.0,36.0,0.3301805674978504,0.1607910576096302,1905.0,261500.0,0.0,199600.0,6.0,2,3.0,1560.0,1421.0,920.0,34375.0,10.95,1550.5,9.0,17,7,22,8,1,1,67,0,19,33,18,2,22,37,37,37,42,25.0,17.0,20.0,350.0,24.0,412.0,24.0,42.0,48.0,54.0,211.0,9.0,42.9,436,2010.0,3003.0,1531.0,1472.0,523.0,2143.0,337.0,685.0,1516.0,18.0,92.0,0.0,18.0,88.0,586.0,582.0,1300.0,582.0,222.0,173.0,95.0,56.0,15.0,21.0,718.0,479.0,141.0,58.0,29.0,8.0,2.0,1.0,2007-11,46919.0,8014.0,76076.0,29997.0,40214.0,10087.0
25025081500,20.0,8.0,12.0,30.0,0.4376039933444259,0.1497504159733777,1920.0,252000.0,0.0,205640.0,6.0,2,3.0,1693.0,1506.0,792.5,-27994.0,-13.15,1550.5,11.0,18,4,10,12,4,0,23,0,48,32,26,3,4,28,31,28,40,35.0,9.0,15.0,238.0,16.0,285.0,28.0,40.0,25.0,35.0,176.0,11.0,40.6,313,2010.0,2134.0,955.0,1179.0,489.0,1451.0,194.0,177.0,1329.0,9.0,25.0,2.0,25.0,51.0,516.0,493.0,839.0,493.0,179.0,143.0,90.0,44.0,25.0,12.0,346.0,274.0,43.0,15.0,7.0,5.0,1.0,1.0,2007-11,27417.0,21354.0,57234.0,8668.0,21206.0,4658.0
25025081700,36.0,25.0,60.0,52.0,0.3934169278996865,0.1551724137931034,1905.0,270000.0,78000.0,191000.0,7.0,2,4.0,2500.0,2121.0,514.0,-26000.0,-9.335,2150.5,10.0,28,9,21,22,11,0,24,0,41,20,51,8,3,44,44,44,66,49.0,16.0,12.0,260.0,16.0,310.0,43.0,66.0,68.0,58.0,105.0,18.0,40.2,353,2010.0,3820.0,1700.0,2120.0,1067.0,2290.0,463.0,74.0,2725.0,18.0,58.0,1.0,37.0,125.0,782.0,933.0,1473.0,933.0,342.0,232.0,182.0,104.0,39.0,34.0,540.0,463.0,61.0,8.0,4.0,1.0,1.0,2.0,2007-11,35589.0,8541.0,79028.0,26059.0,26860.0,12393.0
25025081800,26.0,9.0,34.0,41.0,0.4339869281045752,0.1607843137254902,1905.0,249500.0,47000.0,174300.0,7.0,2,3.0,2820.0,2175.0,407.0,-35204.0,-12.1,2250.5,8.0,24,19,35,23,12,0,42,0,31,45,50,6,2,65,66,65,65,59.0,22.0,23.0,305.0,17.0,379.0,47.0,65.0,72.0,78.0,123.0,5.0,39.2,426,2010.0,2898.0,1327.0,1571.0,766.0,1889.0,243.0,78.0,1879.0,13.0,39.0,4.0,51.0,98.0,736.0,674.0,1139.0,674.0,243.0,179.0,112.0,75.0,34.0,31.0,465.0,390.0,52.0,9.0,9.0,4.0,1.0,0.0,2007-11,41471.0,9095.0,51700.0,14579.0,19789.0,13552.0
25025081900,19.0,27.0,46.0,61.0,0.3956442831215971,0.2450090744101633,1905.0,266000.0,14000.0,201400.0,10.0,3,5.0,3505.0,3121.0,889.0,0.0,0.0,3250.5,9.0,17,3,17,16,5,0,8,0,14,19,29,2,2,21,23,21,12,35.0,6.0,5.0,159.0,27.0,201.0,31.0,12.0,42.0,73.0,63.0,1.0,41.4,232,2010.0,3115.0,1327.0,1788.0,823.0,1964.0,328.0,68.0,2046.0,16.0,18.0,0.0,45.0,94.0,828.0,778.0,1256.0,778.0,275.0,238.0,149.0,66.0,25.0,25.0,478.0,426.0,35.0,10.0,2.0,3.0,2.0,0.0,2007-11,37004.0,9926.0,71250.0,54146.0,31633.0,4628.0
25025082000,17.0,12.0,48.0,33.0,0.4484451718494271,0.1800327332242225,1900.0,280000.0,40750.0,219610.0,10.0,2,4.0,3695.0,2735.0,388.0,-46625.0,-14.72,2750.5,8.0,17,6,22,20,8,0,12,0,6,30,38,1,9,31,33,31,22,40.0,10.0,9.0,194.0,13.0,233.0,33.0,22.0,79.0,41.0,84.0,1.0,39.5,266,2010.0,2815.0,1261.0,1554.0,703.0,1774.0,338.0,52.0,2087.0,9.0,19.0,1.0,47.0,66.0,534.0,695.0,1158.0,695.0,259.0,194.0,132.0,57.0,29.0,24.0,463.0,404.0,47.0,6.0,3.0,3.0,0.0,0.0,2007-11,33148.0,22362.0,68929.0,8534.0,16773.0,10303.0
25025082100,33.0,73.0,121.0,140.0,0.3815461346633416,0.3042394014962593,1925.0,303500.0,34000.0,228000.0,10.0,2,5.0,5982.0,3698.0,570.0,-42404.0,-12.83,3700.5,13.0,10,7,12,16,3,0,12,0,24,19,28,1,3,25,27,25,14,34.0,9.0,8.0,135.0,12.0,173.0,25.0,14.0,56.0,37.0,59.0,2.0,42.4,198,2010.0,5025.0,2122.0,2903.0,1581.0,2989.0,455.0,62.0,3093.0,21.0,32.0,1.0,44.0,111.0,1661.0,1265.0,2035.0,1265.0,471.0,338.0,239.0,124.0,58.0,35.0,770.0,698.0,56.0,12.0,3.0,1.0,0.0,0.0,2007-11,21585.0,7049.0,81450.0,30512.0,17524.0,4557.0
25025090100,42.0,37.0,56.0,78.0,0.4170040485829959,0.1673414304993252,1910.0,292000.0,120000.0,225000.0,13.0,3,6.0,3848.0,3492.0,543.0,-35682.5,-9.59,3550.5,10.0,34,8,27,42,6,0,21,0,30,30,76,4,3,68,74,68,19,75.0,23.0,27.0,309.0,23.0,390.0,67.0,19.0,122.0,193.0,71.0,1.0,31.9,457,2010.0,4571.0,2040.0,2531.0,1312.0,2854.0,405.0,86.0,3231.0,28.0,30.0,1.0,51.0,115.0,1029.0,1099.0,1681.0,1099.0,337.0,316.0,221.0,131.0,58.0,36.0,582.0,473.0,75.0,18.0,7.0,8.0,0.0,1.0,2007-11,34153.0,6441.0,71450.0,16125.0,26939.0,5585.0
25025090200,28.0,18.0,15.0,49.0,0.3374233128834356,0.2361963190184049,1910.0,287377.0,100000.0,195000.0,12.0,3,6.0,3795.0,2900.0,519.0,0.0,0.0,3000.5,9.0,18,8,17,15,3,0,21,0,26,42,33,2,3,43,47,43,6,42.0,3.0,14.0,159.0,13.0,199.0,32.0,6.0,55.0,70.0,35.0,12.0,32.5,231,2010.0,2233.0,1012.0,1221.0,775.0,1289.0,169.0,40.0,1176.0,5.0,45.0,0.0,53.0,49.0,865.0,535.0,772.0,535.0,143.0,153.0,116.0,65.0,33.0,25.0,237.0,195.0,26.0,9.0,2.0,3.0,2.0,0.0,2007-11,18883.0,3697.0,69583.0,68788.0,17350.0,3056.0
25025090300,30.0,37.0,28.0,80.0,0.3511705685618729,0.2006688963210702,1905.0,239000.0,34900.0,169400.0,12.0,3,6.0,3400.0,3393.0,632.0,-20250.0,-7.26,3450.5,11.0,21,7,20,15,6,1,40,0,6,39,31,4,7,38,41,38,11,33.0,12.0,23.0,228.0,17.0,278.0,35.0,11.0,49.0,127.0,59.0,2.0,42.2,313,2010.0,3179.0,1386.0,1793.0,1079.0,1898.0,202.0,47.0,1854.0,8.0,19.0,1.0,73.0,95.0,1082.0,829.0,1123.0,829.0,257.0,248.0,168.0,92.0,46.0,18.0,294.0,242.0,33.0,14.0,3.0,1.0,0.0,1.0,2007-11,17068.0,6603.0,62177.0,18062.0,14146.0,4378.0
25025090400,18.0,16.0,18.0,38.0,0.3561797752808989,0.147191011235955,1905.0,230000.0,93070.0,126730.0,8.0,2,4.0,2712.0,2152.0,417.5,-19877.5,-10.0,2350.5,9.0,32,19,29,48,17,0,43,0,45,51,93,9,12,100,104,100,72,119.0,16.0,34.0,369.0,32.0,492.0,78.0,72.0,85.0,147.0,147.0,8.0,38.1,570,2010.0,3659.0,1726.0,1933.0,1151.0,2233.0,275.0,89.0,1900.0,18.0,32.0,2.0,236.0,177.0,1205.0,850.0,1148.0,850.0,193.0,232.0,187.0,118.0,71.0,49.0,298.0,233.0,47.0,7.0,6.0,3.0,1.0,1.0,2007-11,35093.0,6704.0,89605.0,32688.0,29630.0,11665.0
25025090600,9.0,9.0,14.0,13.0,0.3233532934131736,0.1586826347305389,1899.0,260299.0,48000.0,154275.0,8.0,2,4.0,2369.0,2330.0,485.0,-26387.5,-9.09,2350.5,10.0,17,7,19,23,9,0,15,0,12,30,39,8,0,36,35,36,18,40.0,7.0,13.0,151.0,9.0,186.0,34.0,18.0,51.0,56.0,52.0,3.0,40.0,220,2010.0,2348.0,1093.0,1255.0,653.0,1465.0,230.0,93.0,916.0,8.0,36.0,3.0,605.0,195.0,492.0,560.0,720.0,560.0,140.0,172.0,119.0,64.0,35.0,30.0,160.0,120.0,30.0,4.0,3.0,1.0,1.0,1.0,2007-11,50167.0,11878.0,54087.0,36609.0,36442.0,22731.0
25025090700,10.0,39.0,33.0,58.0,0.399859943977591,0.2086834733893557,1905.0,288000.0,0.0,218000.0,5.0,2,2.0,1307.0,1251.0,767.0,25502.5,12.35,1250.5,10.0,37,8,25,10,7,0,81,0,13,40,21,6,1,72,76,72,40,33.0,15.0,42.0,511.0,34.0,589.0,46.0,40.0,46.0,116.0,384.0,2.0,33.1,635,2010.0,4275.0,2209.0,2066.0,634.0,3114.0,527.0,2597.0,370.0,10.0,747.0,0.0,72.0,100.0,379.0,839.0,1832.0,839.0,331.0,219.0,155.0,72.0,42.0,20.0,993.0,628.0,248.0,74.0,31.0,8.0,2.0,2.0,2007-11,38789.0,8626.0,67417.0,18814.0,33902.0,5992.0
25025090901,40.0,29.0,45.0,45.0,0.0,0.3666666666666666,2005.0,1397015.0,1250000.0,0.0,0.0,0,0.0,94424.0,201924.0,324.0,447015.0,47.05,201950.5,5.0,4,0,0,0,0,0,2,0,2,1,0,0,0,2,2,2,0,0.0,0.0,0.0,2.0,3.0,1.0,4.0,,,,,,40.0,5,2010.0,3730.0,1799.0,1931.0,585.0,2968.0,177.0,1400.0,659.0,10.0,742.0,5.0,62.0,84.0,768.0,654.0,1540.0,654.0,290.0,179.0,97.0,52.0,18.0,18.0,886.0,396.0,287.0,88.0,105.0,8.0,2.0,0.0,2007-11,25523.0,7445.0,0.0,0.0,25523.0,7445.0
25025091001,6.0,10.0,18.0,22.0,0.432512315270936,0.1743842364532019,1910.0,263732.5,28250.0,184500.0,5.0,1,2.0,1168.0,1142.5,942.0,33000.0,14.55,1150.5,11.0,18,6,24,13,5,0,20,0,56,42,21,5,1,57,63,57,59,30.0,21.0,25.0,442.0,28.0,516.0,30.0,59.0,44.0,48.0,348.0,3.0,35.5,546,2010.0,2742.0,1366.0,1376.0,460.0,1951.0,331.0,1599.0,298.0,0.0,517.0,2.0,32.0,82.0,212.0,555.0,1236.0,555.0,242.0,139.0,89.0,40.0,24.0,21.0,681.0,487.0,139.0,37.0,11.0,6.0,1.0,0.0,2007-11,63938.0,15944.0,101375.0,18816.0,31008.0,14542.0
25025091100,9.0,14.0,11.0,14.0,0.49768875192604,0.1540832049306625,1905.0,293000.0,0.0,230400.0,6.0,2,3.0,1384.0,1334.0,878.0,20500.0,5.13,1350.5,11.0,10,8,26,16,5,0,59,0,13,70,36,1,0,60,64,60,87,31.0,17.0,31.0,563.0,47.0,668.0,21.0,87.0,65.0,132.0,373.0,1.0,36.0,689,2010.0,4861.0,2502.0,2359.0,920.0,3537.0,404.0,2260.0,597.0,16.0,1215.0,0.0,130.0,177.0,466.0,1003.0,1792.0,1003.0,310.0,273.0,194.0,111.0,55.0,60.0,789.0,470.0,210.0,65.0,30.0,12.0,2.0,0.0,2007-11,63944.0,19582.0,105625.0,20488.0,42419.0,11424.0
25025091200,9.0,9.0,13.0,20.0,0.5098814229249012,0.1646903820816864,1905.0,263155.0,37750.0,213350.0,6.0,1,3.0,1422.5,1314.0,739.0,22477.5,9.89,1350.5,11.0,10,7,13,12,6,0,16,0,13,25,24,4,0,42,43,42,43,26.0,12.0,12.0,308.0,16.0,350.0,24.0,43.0,29.0,68.0,216.0,0.0,31.3,374,2010.0,3234.0,1642.0,1592.0,750.0,2235.0,249.0,981.0,762.0,5.0,196.0,5.0,390.0,198.0,697.0,634.0,1160.0,634.0,210.0,148.0,120.0,94.0,33.0,29.0,526.0,351.0,129.0,27.0,9.0,5.0,3.0,2.0,2007-11,66463.0,10452.0,69545.0,46386.0,65625.0,22012.0
25025091300,16.0,14.0,11.0,30.0,0.4045174537987679,0.1806981519507187,1905.0,270603.5,0.0,158000.0,6.0,2,3.0,2472.5,1752.0,817.0,25000.0,10.79,1900.5,11.0,15,14,11,13,9,0,33,0,13,29,28,5,5,28,32,28,45,45.0,10.0,15.0,210.0,10.0,264.0,26.0,45.0,47.0,55.0,83.0,3.0,42.4,290,2010.0,2499.0,1206.0,1293.0,710.0,1604.0,185.0,165.0,869.0,6.0,81.0,1.0,644.0,201.0,532.0,577.0,790.0,577.0,130.0,155.0,121.0,95.0,40.0,36.0,213.0,170.0,31.0,5.0,3.0,4.0,0.0,0.0,2007-11,30691.0,2560.0,31429.0,31663.0,30175.0,6423.0
25025091400,19.0,16.0,12.0,42.0,0.4288288288288288,0.1765765765765765,1910.0,220000.0,70500.0,152000.0,7.0,2,3.0,3183.0,1698.0,367.0,3098.0,1.08,1650.5,9.0,11,12,8,19,3,0,22,0,34,16,38,3,2,32,33,32,71,30.0,12.0,8.0,217.0,8.0,246.0,29.0,71.0,56.0,33.0,73.0,1.0,46.9,275,2010.0,2741.0,1304.0,1437.0,717.0,1812.0,212.0,196.0,1267.0,6.0,26.0,1.0,262.0,181.0,802.0,611.0,879.0,611.0,179.0,168.0,116.0,86.0,32.0,30.0,268.0,229.0,21.0,11.0,3.0,2.0,1.0,1.0,2007-11,27708.0,10632.0,52333.0,17716.0,18681.0,6171.0
25025091500,25.0,16.0,16.0,30.0,0.5,0.1217672413793103,1905.0,271500.0,87000.0,200000.0,8.0,2,4.0,2345.0,1944.0,561.0,-40000.0,-14.72,2050.5,9.0,36,22,34,48,12,0,60,0,31,69,96,8,3,95,101,95,31,105.0,27.0,40.0,457.0,36.0,586.0,79.0,31.0,87.0,208.0,298.0,4.0,30.5,665,2010.0,4370.0,2094.0,2276.0,1183.0,2815.0,372.0,407.0,1735.0,8.0,202.0,0.0,749.0,352.0,917.0,987.0,1470.0,987.0,243.0,262.0,220.0,129.0,64.0,69.0,483.0,366.0,89.0,18.0,6.0,1.0,2.0,1.0,2007-11,41810.0,5960.0,72031.0,15605.0,31571.0,6775.0
25025091600,19.0,15.0,22.0,17.0,0.3898550724637681,0.2057971014492753,1905.0,250000.0,97500.0,178500.0,6.0,2,3.0,2333.0,1796.0,679.5,7000.0,2.89,1850.5,11.0,17,14,17,25,16,0,25,0,20,52,52,14,2,67,72,67,59,64.0,15.0,20.0,365.0,35.0,463.0,36.0,59.0,46.0,149.0,204.0,0.0,27.3,499,2010.0,3138.0,1508.0,1630.0,855.0,2038.0,245.0,385.0,1015.0,9.0,805.0,0.0,263.0,175.0,486.0,704.0,1043.0,704.0,182.0,169.0,147.0,118.0,48.0,40.0,339.0,263.0,55.0,14.0,4.0,0.0,1.0,2.0,2007-11,38116.0,5953.0,90500.0,24387.0,26415.0,10326.0
25025091700,9.0,15.0,25.0,22.0,0.4759259259259259,0.1148148148148148,1905.0,275000.0,135000.0,209950.0,11.0,3,5.0,3363.0,2919.0,607.0,-40000.0,-13.01,2950.5,10.0,37,16,36,41,6,0,25,0,24,43,85,3,11,80,82,80,29,81.0,35.0,23.0,328.0,38.0,428.0,77.0,29.0,58.0,211.0,161.0,7.0,31.3,505,2010.0,3069.0,1450.0,1619.0,902.0,1981.0,186.0,200.0,1440.0,10.0,127.0,0.0,456.0,204.0,632.0,711.0,917.0,711.0,154.0,193.0,159.0,108.0,53.0,44.0,206.0,141.0,40.0,11.0,10.0,3.0,0.0,1.0,2007-11,46807.0,5550.0,76250.0,24537.0,43138.0,8348.0
25025091800,18.0,18.0,24.0,21.0,0.4560906515580736,0.1430594900849858,1905.0,275000.0,128900.0,200200.0,12.0,3,6.0,3408.5,3038.5,460.5,1742.5,0.775,3050.5,10.0,25,15,31,39,10,0,28,0,34,55,71,6,10,98,104,98,62,68.0,29.0,21.0,335.0,29.0,426.0,56.0,62.0,69.0,222.0,67.0,8.0,31.1,482,2010.0,3452.0,1589.0,1863.0,1023.0,2112.0,317.0,132.0,1798.0,14.0,59.0,0.0,524.0,212.0,713.0,793.0,1042.0,793.0,191.0,191.0,177.0,122.0,55.0,57.0,249.0,190.0,34.0,13.0,9.0,0.0,1.0,2.0,2007-11,55473.0,14134.0,85845.0,27304.0,29128.0,17863.0
25025091900,20.0,20.0,52.0,61.0,0.4322916666666667,0.1158854166666666,1900.0,270000.0,115000.0,200749.0,10.0,2,5.0,3491.0,2460.0,483.0,-1000.0,-0.685,2450.5,10.0,18,20,21,38,11,0,14,0,31,20,67,4,3,61,64,61,74,69.0,15.0,23.0,291.0,15.0,359.0,54.0,74.0,93.0,96.0,82.0,10.0,30.0,413,2010.0,3860.0,1743.0,2117.0,1167.0,2406.0,287.0,94.0,2699.0,17.0,12.0,0.0,97.0,117.0,824.0,920.0,1244.0,920.0,223.0,251.0,218.0,118.0,61.0,49.0,324.0,270.0,34.0,9.0,7.0,1.0,2.0,1.0,2007-11,35144.0,9958.0,61912.0,17596.0,28900.0,7894.0
25025092000,21.0,23.0,44.0,47.0,0.5057339449541285,0.1192660550458715,1905.0,295000.0,133000.0,211125.0,12.0,2,6.0,3437.5,2886.0,591.0,-20450.0,-6.255,2950.5,10.0,22,17,34,49,15,0,30,0,22,57,93,11,6,77,89,77,100,95.0,41.0,27.0,382.0,39.0,518.0,66.0,100.0,152.0,204.0,92.0,3.0,31.7,584,2010.0,4945.0,2421.0,2524.0,1292.0,3208.0,445.0,258.0,2676.0,11.0,467.0,4.0,220.0,258.0,1051.0,1095.0,1532.0,1095.0,288.0,241.0,233.0,166.0,89.0,78.0,437.0,319.0,73.0,21.0,8.0,9.0,4.0,3.0,2007-11,44796.0,4998.0,67440.0,9749.0,32934.0,4708.0
25025092101,22.0,19.0,47.0,48.0,0.4765177548682703,0.1672394043528064,1905.0,265000.0,82500.0,199200.0,5.0,2,3.0,1520.0,1266.0,732.0,0.0,0.0,1250.5,10.0,58,24,53,54,26,1,97,0,38,105,103,18,6,136,146,136,181,122.0,31.0,57.0,847.0,68.0,1027.0,98.0,181.0,133.0,148.0,585.0,1.0,32.3,1125,2010.0,6451.0,3116.0,3335.0,1550.0,4279.0,622.0,1906.0,1413.0,10.0,2026.0,3.0,181.0,223.0,689.0,1409.0,2252.0,1409.0,414.0,369.0,315.0,156.0,82.0,73.0,843.0,621.0,155.0,40.0,13.0,8.0,3.0,3.0,2007-11,48700.0,10519.0,82168.0,19075.0,31211.0,10004.0
25025092200,14.0,8.0,16.0,24.0,0.6047381546134664,0.1172069825436409,1905.0,315500.0,120000.0,221000.0,9.0,2,4.0,3772.0,2382.5,838.0,-2501.0,-1.78,2450.5,8.0,22,15,5,27,12,0,20,0,20,25,54,10,1,52,63,52,140,63.0,18.0,20.0,347.0,32.0,431.0,49.0,140.0,80.0,70.0,159.0,5.0,33.8,480,2010.0,3349.0,1625.0,1724.0,783.0,2267.0,299.0,740.0,1417.0,15.0,542.0,0.0,90.0,123.0,422.0,753.0,1134.0,753.0,214.0,194.0,153.0,100.0,55.0,37.0,381.0,247.0,99.0,19.0,6.0,7.0,2.0,1.0,2007-11,45848.0,8994.0,112188.0,44350.0,31655.0,6144.0
25025092300,15.0,18.0,29.0,32.0,0.4764991896272285,0.1539708265802269,1905.0,254950.0,132000.0,192025.0,11.0,3,6.0,3665.5,2820.5,488.0,-45967.0,-14.065,2850.5,8.0,25,7,26,40,13,0,20,0,41,38,71,10,6,53,56,53,72,83.0,20.0,14.0,290.0,13.0,364.0,56.0,72.0,61.0,172.0,61.0,2.0,29.3,420,2010.0,2893.0,1294.0,1599.0,842.0,1793.0,258.0,47.0,2222.0,5.0,21.0,0.0,41.0,99.0,458.0,686.0,956.0,686.0,181.0,186.0,148.0,82.0,59.0,30.0,270.0,207.0,39.0,14.0,6.0,4.0,0.0,0.0,2007-11,36765.0,6530.0,60833.0,45441.0,32804.0,5234.0
25025092400,47.0,32.0,70.0,100.0,0.3962732919254658,0.2198757763975155,1905.0,265000.0,105000.0,193500.0,11.0,3,5.0,3829.0,2998.0,374.0,-25055.0,-7.97,3050.5,9.0,33,19,39,49,16,0,36,0,41,60,99,11,7,86,95,86,30,114.0,17.0,40.0,328.0,32.0,455.0,76.0,30.0,71.0,186.0,164.0,13.0,30.9,531,2010.0,5277.0,2342.0,2935.0,1635.0,3215.0,427.0,56.0,3470.0,32.0,43.0,0.0,60.0,146.0,1470.0,1317.0,1873.0,1317.0,424.0,331.0,267.0,185.0,56.0,54.0,556.0,456.0,80.0,13.0,4.0,3.0,0.0,0.0,2007-11,26207.0,11813.0,54250.0,11504.0,21920.0,4969.0
25025100100,19.0,22.0,38.0,70.0,0.4483159117305458,0.1579558652729384,1920.0,249950.0,68000.0,161598.5,8.0,2,4.0,3878.0,2496.0,420.0,2712.0,0.875,2650.5,9.0,33,19,28,30,19,0,43,0,27,50,57,12,8,66,68,66,64,75.0,15.0,15.0,337.0,30.0,411.0,61.0,64.0,75.0,135.0,105.0,7.0,36.7,472,2010.0,5510.0,2330.0,3180.0,1759.0,3261.0,490.0,57.0,3542.0,17.0,48.0,4.0,112.0,127.0,1603.0,1328.0,1895.0,1328.0,390.0,359.0,270.0,175.0,64.0,70.0,567.0,493.0,51.0,13.0,5.0,4.0,1.0,0.0,2007-11,22375.0,9606.0,77143.0,47808.0,17571.0,3101.0
25025100200,15.0,16.0,29.0,33.0,0.4448,0.1472,1915.0,225000.0,73000.0,147070.0,7.0,2,3.0,3800.0,1691.0,442.0,762.5,0.27,1750.5,10.0,27,18,36,26,15,1,23,0,45,36,56,6,14,84,88,84,78,71.0,21.0,13.0,302.0,26.0,381.0,52.0,78.0,68.0,100.0,120.0,8.0,35.6,433,2010.0,2787.0,1217.0,1570.0,820.0,1753.0,214.0,37.0,2185.0,4.0,27.0,0.0,49.0,72.0,413.0,711.0,905.0,711.0,188.0,205.0,162.0,96.0,28.0,32.0,194.0,156.0,30.0,5.0,1.0,1.0,0.0,1.0,2007-11,41898.0,11258.0,71591.0,18645.0,34976.0,4836.0
25025100300,12.0,23.0,24.0,28.0,0.5281173594132029,0.10880195599022,1905.0,275000.0,110000.0,209000.0,10.0,2,5.0,4143.0,2333.0,455.0,-13550.0,-5.13,2350.5,9.0,17,11,27,47,5,0,19,0,23,50,90,2,7,63,71,63,98,82.0,18.0,12.0,337.0,14.0,404.0,59.0,98.0,112.0,114.0,98.0,8.0,31.7,463,2010.0,3303.0,1476.0,1827.0,917.0,2064.0,322.0,120.0,2643.0,7.0,23.0,0.0,65.0,93.0,352.0,826.0,1121.0,826.0,237.0,233.0,175.0,101.0,49.0,31.0,295.0,236.0,47.0,5.0,6.0,0.0,0.0,1.0,2007-11,45685.0,7104.0,64688.0,19457.0,30455.0,16206.0
25025100400,11.0,28.0,40.0,45.0,0.6399604352126608,0.0979228486646884,1915.0,296727.5,134500.0,233950.0,8.0,2,4.0,4196.0,2329.0,635.5,-42124.0,-12.53,2350.5,11.0,33,13,33,43,10,1,17,0,23,46,81,7,2,77,82,77,128,71.0,26.0,20.0,422.0,31.0,497.0,73.0,128.0,153.0,124.0,146.0,1.0,40.4,570,2010.0,4865.0,2171.0,2694.0,1159.0,3153.0,553.0,557.0,3320.0,19.0,233.0,0.0,110.0,169.0,457.0,1199.0,1695.0,1199.0,403.0,320.0,235.0,147.0,54.0,40.0,496.0,390.0,79.0,15.0,8.0,0.0,1.0,3.0,2007-11,52930.0,16901.0,90662.0,15252.0,31295.0,15837.0
25025100500,34.0,34.0,39.0,62.0,0.4548083875632682,0.1634128705712219,1905.0,285000.0,122500.0,216000.0,8.0,2,4.0,3076.0,2171.0,621.5,-8000.0,-2.73,2250.5,11.0,53,28,34,40,24,1,65,0,37,55,84,20,14,135,147,135,146,114.0,40.0,49.0,597.0,52.0,768.0,84.0,146.0,102.0,209.0,302.0,10.0,34.6,852,2010.0,5989.0,2820.0,3169.0,1551.0,3866.0,572.0,796.0,3317.0,14.0,572.0,1.0,115.0,206.0,968.0,1449.0,2174.0,1449.0,465.0,394.0,303.0,150.0,74.0,63.0,725.0,544.0,139.0,23.0,14.0,2.0,2.0,1.0,2007-11,46605.0,5203.0,87143.0,65242.0,33257.0,14401.0
25025100601,11.0,18.0,20.0,19.0,0.5650406504065041,0.1056910569105691,1912.0,244500.0,76500.0,193500.0,6.0,1,3.0,1180.0,1173.0,801.0,3805.0,2.27,1150.5,9.0,25,14,22,43,25,1,49,0,52,74,76,18,3,110,119,110,144,96.0,20.0,42.0,741.0,54.0,886.0,67.0,144.0,137.0,87.0,567.0,0.0,29.1,953,2010.0,5154.0,2534.0,2620.0,1148.0,3509.0,497.0,2102.0,1418.0,8.0,839.0,2.0,174.0,133.0,478.0,1162.0,2028.0,1162.0,397.0,302.0,236.0,128.0,50.0,49.0,866.0,615.0,210.0,31.0,5.0,4.0,1.0,0.0,2007-11,53616.0,4895.0,82929.0,18202.0,46004.0,8779.0
25025100603,3.0,4.0,6.0,2.0,0.4733333333333333,0.16,1920.0,266500.0,0.0,202200.0,5.0,2,2.0,1746.0,1334.0,728.0,7000.0,2.84,1350.5,11.0,31,10,12,7,3,1,83,0,27,42,15,4,0,46,49,46,81,24.0,6.0,19.0,387.0,21.0,419.0,38.0,81.0,63.0,25.0,244.0,2.0,37.2,457,2010.0,1904.0,938.0,966.0,371.0,1231.0,302.0,1314.0,235.0,1.0,160.0,1.0,20.0,44.0,129.0,384.0,754.0,384.0,147.0,95.0,75.0,45.0,13.0,9.0,370.0,263.0,82.0,15.0,8.0,2.0,0.0,0.0,2007-11,63594.0,22450.0,86125.0,18282.0,39811.0,19241.0
25025100700,2.0,5.0,7.0,6.0,0.6247531270572745,0.1026991441737985,1925.0,290000.0,0.0,232000.0,6.0,2,3.0,3303.0,1392.0,1020.5,35000.0,14.36,1350.5,12.0,13,4,30,11,6,0,20,0,13,37,25,4,1,46,50,46,236,39.0,16.0,21.0,583.0,26.0,663.0,22.0,236.0,122.0,29.0,267.0,2.0,44.4,685,2010.0,4322.0,2092.0,2230.0,874.0,2759.0,689.0,3847.0,152.0,5.0,167.0,0.0,16.0,34.0,101.0,1003.0,1873.0,1003.0,403.0,249.0,191.0,110.0,34.0,16.0,870.0,651.0,184.0,31.0,4.0,0.0,0.0,0.0,2007-11,68467.0,6561.0,83750.0,15903.0,53462.0,17839.0
25025100800,16.0,16.0,22.0,59.0,0.6346389228886169,0.1034271725826193,1920.0,299000.0,69000.0,222800.0,6.0,2,3.0,3290.0,1547.0,976.5,30000.0,10.86,1550.5,10.0,27,17,23,15,7,0,68,0,33,44,34,7,1,72,78,72,282,48.0,21.0,21.0,766.0,31.0,842.0,45.0,282.0,147.0,41.0,377.0,1.0,38.9,887,2010.0,5546.0,2648.0,2898.0,1057.0,3704.0,785.0,2896.0,1364.0,15.0,614.0,1.0,62.0,182.0,412.0,1216.0,2524.0,1216.0,513.0,299.0,208.0,122.0,47.0,27.0,1308.0,1006.0,253.0,33.0,10.0,1.0,4.0,1.0,2007-11,60813.0,15378.0,98879.0,12089.0,35938.0,16656.0
25025100900,6.0,15.0,21.0,17.0,0.6484375,0.1203125,1925.0,269950.0,110000.0,212925.0,6.0,2,3.0,4492.0,1530.0,636.5,9050.0,6.34,1550.5,10.0,28,13,24,27,10,0,28,0,19,70,59,4,0,72,77,72,238,55.0,16.0,26.0,445.0,26.0,515.0,53.0,238.0,114.0,34.0,140.0,2.0,40.3,568,2010.0,4072.0,1887.0,2185.0,880.0,2780.0,412.0,933.0,2342.0,0.0,278.0,0.0,56.0,113.0,350.0,996.0,1610.0,996.0,343.0,302.0,187.0,84.0,44.0,36.0,614.0,482.0,112.0,16.0,3.0,0.0,0.0,1.0,2007-11,56125.0,6913.0,68889.0,6099.0,40330.0,13927.0
25025101001,41.0,31.0,64.0,61.0,0.5291170945522855,0.0814026299311208,1931.0,235000.0,79000.0,191500.0,7.0,2,3.0,4200.0,1530.0,655.5,-850.5,-0.265,1550.5,11.0,29,19,30,42,9,0,41,0,23,43,82,6,2,75,84,75,338,71.0,14.0,12.0,522.0,19.0,571.0,67.0,338.0,116.0,25.0,101.0,5.0,44.8,638,2010.0,5480.0,2463.0,3017.0,1223.0,3529.0,728.0,133.0,4551.0,18.0,13.0,0.0,44.0,127.0,594.0,1411.0,2127.0,1411.0,519.0,395.0,254.0,139.0,56.0,48.0,716.0,619.0,77.0,13.0,5.0,1.0,1.0,0.0,2007-11,62446.0,18697.0,87000.0,18989.0,26295.0,13781.0
25025101002,21.0,16.0,77.0,105.0,0.6311207834602829,0.0729053318824809,1935.0,273461.0,67000.0,211875.0,8.0,2,4.0,5006.0,1800.0,510.0,-19026.0,-6.295,1850.5,9.0,13,9,17,30,4,0,12,0,17,37,50,3,3,50,53,50,169,52.0,9.0,8.0,317.0,11.0,353.0,44.0,169.0,161.0,18.0,11.0,6.0,41.8,397,2010.0,4979.0,2175.0,2804.0,1193.0,3052.0,734.0,201.0,3834.0,19.0,53.0,0.0,47.0,132.0,693.0,1269.0,1968.0,1269.0,503.0,357.0,218.0,110.0,51.0,30.0,699.0,618.0,69.0,9.0,2.0,1.0,0.0,0.0,2007-11,36128.0,3760.0,107985.0,24594.0,30745.0,7914.0
25025101101,13.0,13.0,32.0,32.0,0.5596026490066225,0.0960264900662251,1920.0,274950.0,60475.0,217525.0,11.0,2,5.0,4376.5,2692.0,532.0,16882.5,7.545,2750.5,10.0,26,13,26,24,4,0,30,0,28,36,44,2,2,61,62,61,48,51.0,16.0,14.0,262.0,25.0,325.0,43.0,48.0,125.0,84.0,57.0,10.0,40.2,368,2010.0,3155.0,1457.0,1698.0,901.0,1921.0,333.0,29.0,2532.0,7.0,2.0,0.0,10.0,96.0,479.0,788.0,1048.0,788.0,212.0,224.0,178.0,98.0,45.0,31.0,260.0,203.0,41.0,8.0,3.0,4.0,1.0,0.0,2007-11,58672.0,13695.0,59219.0,14397.0,54453.0,39138.0
25025101102,27.0,34.0,63.0,61.0,0.4393139841688654,0.1332453825857519,1905.0,288000.0,79000.0,221000.0,9.0,2,4.0,3589.0,2974.0,631.0,7020.0,1.96,3050.5,10.0,27,20,18,25,6,1,30,0,41,29,45,2,8,72,79,72,55,67.0,29.0,19.0,354.0,22.0,446.0,45.0,55.0,50.0,181.0,144.0,5.0,35.0,491,2010.0,4396.0,1992.0,2404.0,1233.0,2704.0,459.0,54.0,3692.0,15.0,24.0,3.0,3.0,84.0,521.0,1083.0,1511.0,1083.0,325.0,293.0,232.0,138.0,58.0,37.0,428.0,334.0,52.0,27.0,11.0,2.0,1.0,1.0,2007-11,32854.0,9266.0,50391.0,14653.0,27500.0,7866.0
25025110103,11.0,13.0,56.0,46.0,0.4915992532669571,0.1300560049782202,1915.0,289000.0,75000.0,228000.0,6.0,1,3.0,1248.5,1141.5,1080.0,30000.0,10.85,1150.5,13.0,14,14,19,12,3,0,33,0,27,57,20,2,0,70,71,70,137,25.0,10.0,26.0,768.0,19.0,825.0,23.0,137.0,78.0,44.0,529.0,3.0,35.5,848,2010.0,5460.0,2502.0,2958.0,1103.0,3913.0,444.0,2138.0,961.0,22.0,390.0,2.0,35.0,166.0,1746.0,1141.0,2186.0,1141.0,413.0,331.0,193.0,130.0,36.0,38.0,1045.0,622.0,285.0,80.0,39.0,12.0,4.0,3.0,2007-11,58935.0,11740.0,91793.0,13914.0,29395.0,12978.0
25025110201,6.0,17.0,33.0,31.0,0.561965811965812,0.1282051282051282,1945.0,269500.0,94750.0,201096.0,6.0,2,3.0,4771.5,1549.0,731.0,15000.0,7.24,1550.5,8.0,5,3,10,13,2,0,7,0,11,14,25,1,1,27,28,27,101,19.0,11.0,11.0,185.0,10.0,221.0,15.0,101.0,36.0,14.0,61.0,3.0,39.0,236,2010.0,2051.0,943.0,1108.0,492.0,1362.0,197.0,411.0,795.0,13.0,42.0,0.0,15.0,41.0,734.0,523.0,815.0,523.0,191.0,154.0,98.0,50.0,20.0,10.0,292.0,235.0,44.0,9.0,2.0,1.0,0.0,1.0,2007-11,54263.0,6849.0,85956.0,32222.0,27850.0,10150.0
25025110301,4.0,2.0,8.0,5.0,0.6172450052576236,0.103049421661409,1938.0,280000.0,85000.0,220000.0,6.0,2,3.0,4000.0,1310.0,916.0,29000.0,12.09,1350.5,8.0,13,7,16,11,1,0,47,0,11,33,26,2,1,48,42,48,204,17.0,11.0,15.0,411.0,15.0,444.0,25.0,204.0,68.0,13.0,165.0,0.0,46.7,469,2010.0,2405.0,1105.0,1300.0,560.0,1636.0,209.0,955.0,602.0,13.0,60.0,0.0,19.0,64.0,692.0,589.0,898.0,589.0,199.0,152.0,137.0,61.0,22.0,18.0,309.0,221.0,75.0,6.0,5.0,1.0,0.0,1.0,2007-11,72159.0,19524.0,86750.0,24547.0,67543.0,20035.0
25025110401,6.0,6.0,16.0,12.0,0.6299603174603174,0.1051587301587301,1920.0,276500.0,97500.0,216000.0,6.0,2,3.0,1802.0,1725.0,879.5,22500.0,8.33,1750.5,9.0,26,9,16,19,3,1,42,0,19,39,36,2,2,46,48,46,107,38.0,12.0,20.0,402.0,11.0,437.0,46.0,107.0,68.0,32.0,255.0,1.0,35.4,483,2010.0,3566.0,1663.0,1903.0,868.0,2382.0,316.0,1117.0,945.0,5.0,92.0,5.0,14.0,79.0,1309.0,908.0,1285.0,908.0,294.0,277.0,191.0,78.0,40.0,28.0,377.0,257.0,101.0,10.0,9.0,0.0,0.0,0.0,2007-11,48750.0,20476.0,82396.0,14862.0,32250.0,12453.0
25025110403,2.0,8.0,9.0,4.0,0.7199444058373871,0.064628214037526,1931.0,305000.0,117000.0,240000.0,6.0,2,3.0,4216.0,1450.0,948.5,26000.0,9.83,1450.5,11.0,17,15,17,21,18,1,33,2,25,32,47,9,1,75,77,75,343,59.0,9.0,15.0,643.0,29.0,715.0,40.0,343.0,107.0,17.0,265.0,3.0,41.7,755,2010.0,4309.0,1953.0,2356.0,912.0,2877.0,520.0,2148.0,895.0,10.0,110.0,4.0,46.0,94.0,1002.0,1064.0,1675.0,1064.0,368.0,300.0,219.0,116.0,32.0,29.0,611.0,460.0,125.0,17.0,5.0,3.0,0.0,1.0,2007-11,65417.0,10282.0,93897.0,8006.0,31696.0,5966.0
25025110501,0.0,3.0,2.0,1.0,0.7093023255813954,0.0822898032200357,1920.0,350000.0,15000.0,275000.0,7.0,2,3.0,4468.0,1686.0,1268.5,52000.0,18.65,1650.5,13.0,1,2,7,2,0,0,19,0,3,22,5,0,0,25,25,25,255,5.0,4.0,6.0,424.0,16.0,451.0,4.0,255.0,70.0,11.0,111.0,0.0,41.8,455,2010.0,3253.0,1547.0,1706.0,685.0,2149.0,419.0,2299.0,321.0,1.0,91.0,0.0,10.0,70.0,461.0,824.0,1300.0,824.0,325.0,216.0,179.0,70.0,19.0,15.0,476.0,338.0,117.0,15.0,3.0,1.0,0.0,2.0,2007-11,77201.0,11244.0,93810.0,26750.0,67679.0,32300.0
25025110502,2.0,5.0,14.0,5.0,0.5781600598354525,0.1039640987284966,1920.0,308500.0,75500.0,237500.0,6.0,2,3.0,3500.0,1530.0,1038.0,26000.0,11.76,1550.5,10.0,16,7,23,19,6,0,42,0,15,36,38,4,2,58,62,58,213,43.0,10.0,13.0,586.0,23.0,641.0,34.0,213.0,115.0,32.0,280.0,3.0,37.6,675,2010.0,3806.0,1811.0,1995.0,762.0,2588.0,456.0,2070.0,625.0,5.0,113.0,0.0,29.0,88.0,876.0,901.0,1580.0,901.0,324.0,250.0,200.0,80.0,29.0,18.0,679.0,507.0,146.0,18.0,4.0,2.0,2.0,0.0,2007-11,53789.0,7346.0,92786.0,19401.0,38296.0,2923.0
25025110601,1.0,4.0,0.0,0.0,0.8013120899718837,0.0524835988753514,1938.0,407250.0,165250.0,299050.0,7.0,2,3.0,6107.5,1632.0,1088.0,64000.0,14.79,1650.5,13.0,1,1,10,3,1,0,1,0,1,22,5,1,0,28,30,28,359,5.0,3.0,11.0,380.0,11.0,408.0,2.0,359.0,18.0,0.0,27.0,2.0,43.4,410,2010.0,2969.0,1301.0,1668.0,520.0,1545.0,904.0,2580.0,76.0,7.0,131.0,1.0,13.0,39.0,122.0,690.0,1235.0,690.0,318.0,160.0,128.0,62.0,14.0,8.0,545.0,459.0,75.0,9.0,1.0,0.0,1.0,0.0,2007-11,89931.0,15083.0,103880.0,13525.0,48750.0,18674.0
25025110607,2.0,2.0,5.0,7.0,0.6152647975077882,0.1121495327102803,1920.0,330000.0,0.0,256000.0,6.0,2,3.0,3000.0,1448.0,1127.0,34500.0,11.75,1450.5,13.0,8,6,4,4,2,1,32,0,5,54,12,1,2,49,53,49,276,11.0,3.0,9.0,708.0,22.0,739.0,14.0,276.0,90.0,15.0,359.0,0.0,39.6,753,2010.0,5077.0,2283.0,2794.0,842.0,3254.0,981.0,4085.0,263.0,6.0,128.0,0.0,29.0,79.0,487.0,1137.0,2089.0,1137.0,486.0,301.0,232.0,87.0,22.0,9.0,952.0,722.0,196.0,21.0,6.0,4.0,1.0,2.0,2007-11,76414.0,13501.0,102694.0,18879.0,54250.0,13729.0
25025120103,1.0,0.0,1.0,1.0,0.6306818181818182,0.1463068181818181,1910.0,530000.0,175000.0,329000.0,7.0,2,3.0,2066.0,1947.0,1290.0,48000.0,9.02,1950.5,14.0,9,3,5,0,0,0,19,0,10,15,4,0,0,18,19,18,73,3.0,3.0,1.0,309.0,7.0,314.0,9.0,73.0,24.0,3.0,215.0,0.0,39.6,323,2010.0,1508.0,696.0,812.0,271.0,1067.0,170.0,1270.0,55.0,1.0,54.0,0.0,8.0,43.0,77.0,367.0,660.0,367.0,160.0,116.0,71.0,17.0,3.0,0.0,293.0,188.0,71.0,18.0,11.0,5.0,0.0,0.0,2007-11,172852.0,49837.0,175368.0,27552.0,92500.0,56615.0
25025120104,1.0,0.0,2.0,2.0,0.5005793742757821,0.1077636152954808,1905.0,307500.0,54000.0,231000.0,5.0,1,2.0,1035.0,1015.0,1186.0,51500.0,16.55,1050.5,13.0,2,1,7,2,0,0,20,0,2,24,4,0,0,37,37,37,51,3.0,1.0,8.0,398.0,7.0,413.0,4.0,51.0,21.0,10.0,331.0,0.0,29.5,417,2010.0,2095.0,892.0,1203.0,349.0,1614.0,132.0,1359.0,150.0,2.0,126.0,0.0,8.0,43.0,407.0,402.0,1000.0,402.0,170.0,126.0,77.0,19.0,7.0,3.0,598.0,353.0,202.0,29.0,10.0,3.0,0.0,1.0,2007-11,65526.0,9800.0,76806.0,32626.0,48281.0,30457.0
25025120105,0.0,1.0,1.0,0.0,0.744346116027532,0.1140609636184857,1955.0,457000.0,152750.0,239375.0,6.0,2,3.0,5544.0,1602.0,1078.0,50500.0,17.24,1650.5,12.0,7,6,15,4,2,0,1,0,5,46,5,3,1,57,58,57,324,10.0,10.0,13.0,556.0,23.0,600.0,12.0,324.0,1.0,0.0,274.0,3.0,35.0,612,2010.0,2444.0,1062.0,1382.0,427.0,1458.0,559.0,1890.0,117.0,2.0,209.0,1.0,5.0,70.0,150.0,560.0,898.0,560.0,298.0,115.0,104.0,32.0,9.0,2.0,338.0,226.0,100.0,11.0,1.0,0.0,0.0,0.0,2007-11,168125.0,19036.0,173365.0,19853.0,46964.0,58534.0
25025120201,9.0,28.0,50.0,23.0,0.4757118927973199,0.1591289782244556,1910.0,282250.0,0.0,223600.0,5.0,1,2.0,1003.0,986.0,1137.0,31900.0,15.01,950.5,13.0,15,6,12,0,2,0,56,0,16,43,3,0,0,50,51,50,33,13.0,2.0,9.0,611.0,15.0,634.0,16.0,33.0,19.0,37.0,531.0,1.0,27.5,650,2010.0,3439.0,1577.0,1862.0,503.0,2666.0,270.0,1903.0,510.0,7.0,115.0,0.0,28.0,76.0,800.0,646.0,1659.0,646.0,299.0,192.0,105.0,30.0,12.0,8.0,1013.0,592.0,321.0,80.0,17.0,3.0,0.0,0.0,2007-11,64636.0,11485.0,108039.0,12707.0,50368.0,7069.0
25025120301,9.0,15.0,17.0,32.0,0.4930139720558882,0.1423819028609447,1905.0,293500.0,0.0,220000.0,5.0,1,2.0,1236.0,1168.0,1041.5,36000.0,14.77,1150.5,10.0,18,11,26,20,4,0,92,0,35,56,43,5,2,71,70,71,72,43.0,19.0,24.0,699.0,40.0,788.0,37.0,72.0,72.0,79.0,566.0,1.0,32.8,825,2010.0,4795.0,2312.0,2483.0,862.0,3587.0,346.0,1908.0,789.0,9.0,136.0,0.0,28.0,104.0,1821.0,949.0,1784.0,949.0,343.0,249.0,186.0,99.0,35.0,37.0,835.0,454.0,242.0,93.0,35.0,8.0,3.0,0.0,2007-11,61599.0,9682.0,93558.0,25794.0,41394.0,13530.0
25025120400,15.0,20.0,18.0,15.0,0.5517241379310345,0.1172413793103448,1910.0,360000.0,107890.0,255900.0,5.0,1,2.0,1249.0,1194.0,1158.0,41000.0,14.1,1250.5,14.0,19,8,17,6,1,0,127,0,11,89,10,1,2,85,91,85,120,15.0,8.0,18.0,1193.0,20.0,1232.0,22.0,120.0,61.0,28.0,1011.0,2.0,31.1,1254,2010.0,5751.0,2631.0,3120.0,673.0,4448.0,630.0,4344.0,383.0,13.0,259.0,2.0,24.0,160.0,566.0,999.0,2710.0,999.0,506.0,264.0,156.0,47.0,18.0,8.0,1711.0,1069.0,458.0,101.0,48.0,16.0,10.0,9.0,2007-11,86587.0,20263.0,112520.0,11492.0,48438.0,14382.0
25025120500,1.0,6.0,5.0,5.0,0.4699367088607595,0.1392405063291139,1905.0,336000.0,500.0,251200.0,6.0,2,3.0,1663.0,1517.0,877.0,25100.0,6.865,1550.5,12.0,5,7,14,10,1,0,26,0,48,15,17,0,1,34,36,34,37,13.0,3.0,12.0,291.0,16.0,323.0,12.0,37.0,28.0,59.0,189.0,2.0,31.0,335,2010.0,2331.0,1099.0,1232.0,421.0,1734.0,176.0,764.0,232.0,6.0,63.0,0.0,22.0,49.0,1195.0,450.0,852.0,450.0,140.0,120.0,94.0,52.0,29.0,15.0,402.0,186.0,112.0,72.0,29.0,2.0,1.0,0.0,2007-11,47150.0,15009.0,84844.0,41203.0,43239.0,19202.0
25025120600,1.0,2.0,2.0,1.0,0.529482551143201,0.1143200962695547,1905.0,363300.0,0.0,268600.0,5.0,1,2.0,1278.5,1239.5,1314.0,22750.0,7.3,1250.5,10.0,8,5,15,3,2,0,48,0,15,24,5,2,1,26,24,26,33,5.0,2.0,10.0,418.0,9.0,434.0,10.0,33.0,38.0,18.0,342.0,1.0,34.5,444,2010.0,2335.0,1046.0,1289.0,268.0,1957.0,110.0,1751.0,115.0,3.0,79.0,1.0,15.0,70.0,301.0,417.0,1054.0,417.0,205.0,128.0,53.0,23.0,5.0,3.0,637.0,286.0,232.0,80.0,27.0,9.0,1.0,2.0,2007-11,85465.0,18464.0,99177.0,10685.0,71250.0,9037.0
25025120700,1.0,2.0,3.0,6.0,0.4460694698354662,0.1261425959780621,1910.0,302000.0,102650.0,226400.0,5.0,1,2.0,1057.0,1032.0,1148.5,40000.0,15.43,1050.5,12.0,4,5,6,2,0,0,22,0,7,17,5,0,0,31,31,31,19,4.0,1.0,13.0,373.0,8.0,394.0,5.0,19.0,10.0,21.0,334.0,0.0,26.6,399,2010.0,2014.0,979.0,1035.0,207.0,1565.0,242.0,1267.0,169.0,3.0,169.0,0.0,8.0,44.0,354.0,382.0,983.0,382.0,211.0,104.0,48.0,10.0,7.0,2.0,601.0,377.0,155.0,39.0,18.0,12.0,0.0,0.0,2007-11,72746.0,7748.0,92750.0,33235.0,53438.0,23600.0
25025130100,2.0,5.0,1.0,6.0,0.6706565107000363,0.0779833151976786,1940.0,370000.0,143500.0,280400.0,7.0,2,3.0,4876.0,1463.5,1238.0,55500.0,16.32,1450.5,12.0,13,3,19,2,0,0,21,0,3,41,6,1,2,65,71,65,656,13.0,10.0,17.0,853.0,31.0,909.0,15.0,656.0,39.0,0.0,213.0,1.0,40.9,924,2010.0,5906.0,2746.0,3160.0,1067.0,3913.0,926.0,4789.0,190.0,1.0,523.0,0.0,26.0,112.0,265.0,1458.0,2668.0,1458.0,659.0,388.0,267.0,108.0,31.0,5.0,1210.0,938.0,255.0,12.0,4.0,1.0,0.0,0.0,2007-11,76464.0,12737.0,89080.0,12723.0,52300.0,31495.0
25025130200,1.0,2.0,8.0,4.0,0.7011686143572621,0.1112966054535336,1925.0,405000.0,120000.0,300000.0,7.0,2,3.0,5500.0,1760.0,1106.0,75000.0,20.15,1750.5,11.0,21,5,20,2,0,0,19,0,4,44,4,0,1,45,46,45,472,5.0,8.0,15.0,617.0,26.0,650.0,21.0,472.0,79.0,2.0,78.0,6.0,47.8,671,2010.0,4506.0,2123.0,2383.0,884.0,2871.0,751.0,3913.0,110.0,7.0,209.0,1.0,7.0,52.0,207.0,1152.0,1829.0,1152.0,481.0,304.0,225.0,99.0,26.0,17.0,677.0,518.0,137.0,16.0,4.0,1.0,1.0,0.0,2007-11,102328.0,7784.0,105700.0,7526.0,86167.0,16858.0
25025130300,1.0,3.0,5.0,6.0,0.7375722543352601,0.0884393063583815,1930.0,415000.0,45000.0,300000.0,7.0,2,3.0,5550.0,1752.5,1223.0,71650.0,19.825,1750.5,11.0,14,4,14,3,1,0,17,0,5,45,6,1,0,49,50,49,530,12.0,8.0,20.0,647.0,25.0,695.0,17.0,530.0,53.0,2.0,100.0,3.0,43.5,712,2010.0,4419.0,2079.0,2340.0,982.0,2746.0,691.0,3677.0,139.0,3.0,230.0,2.0,13.0,85.0,270.0,1164.0,1756.0,1164.0,461.0,312.0,233.0,104.0,41.0,13.0,592.0,457.0,115.0,12.0,7.0,1.0,0.0,0.0,2007-11,87477.0,20746.0,112768.0,13080.0,52301.0,12500.0
25025130402,7.0,12.0,18.0,25.0,0.6195488721804512,0.1052631578947368,1950.0,315000.0,69500.0,240000.0,6.0,2,3.0,4892.0,1352.0,998.0,42500.0,18.825,1350.5,10.0,21,11,18,7,2,1,26,0,17,71,6,0,3,79,86,79,544,20.0,14.0,23.0,745.0,24.0,800.0,26.0,544.0,75.0,1.0,158.0,9.0,42.3,826,2010.0,4637.0,2193.0,2444.0,860.0,2906.0,871.0,3695.0,177.0,2.0,389.0,2.0,18.0,54.0,300.0,1153.0,2102.0,1153.0,515.0,268.0,226.0,100.0,37.0,7.0,949.0,810.0,122.0,7.0,6.0,3.0,0.0,1.0,2007-11,76303.0,4843.0,88750.0,26946.0,32239.0,41502.0
25025130404,4.0,5.0,10.0,9.0,0.413856529736358,0.0895156345800122,1957.5,285750.0,96250.0,214940.0,6.0,2,3.0,4100.0,1304.0,978.5,36000.0,13.33,1350.5,11.0,8,8,9,8,6,0,24,0,22,26,12,6,3,52,53,52,282,17.0,10.0,13.0,478.0,14.0,517.0,15.0,282.0,28.0,5.0,193.0,4.0,37.4,532,2010.0,2901.0,1264.0,1637.0,476.0,1719.0,706.0,2054.0,204.0,1.0,231.0,1.0,18.0,43.0,349.0,653.0,1258.0,653.0,267.0,169.0,134.0,52.0,22.0,9.0,605.0,526.0,73.0,4.0,2.0,0.0,0.0,0.0,2007-11,76424.0,12705.0,83304.0,20159.0,49828.0,12099.0
25025130406,50.0,126.0,20.0,40.0,0.630071599045346,0.0859188544152744,1960.0,300000.0,77000.0,212000.0,6.0,2,3.0,4800.0,1429.0,1002.5,27400.0,10.87,1450.5,12.0,6,6,15,7,2,0,6,0,39,25,18,2,3,26,27,26,200,18.0,6.0,8.0,349.0,10.0,379.0,12.0,200.0,19.0,7.0,144.0,1.0,41.4,391,2010.0,5107.0,2244.0,2863.0,1537.0,2943.0,627.0,1594.0,2063.0,8.0,256.0,0.0,23.0,103.0,1060.0,1327.0,2112.0,1327.0,521.0,376.0,266.0,101.0,46.0,17.0,785.0,682.0,94.0,7.0,1.0,1.0,0.0,0.0,2007-11,29271.0,9726.0,73523.0,24753.0,20739.0,7772.0
25025140102,11.0,12.0,19.0,18.0,0.6328471781864299,0.1065313887127457,1950.0,300000.0,113000.0,248000.0,7.0,2,3.0,5665.0,1584.0,652.5,26500.0,12.22,1550.5,9.0,26,12,30,33,7,0,46,0,24,56,59,7,0,87,88,87,440,74.0,14.0,22.0,590.0,15.0,656.0,59.0,440.0,114.0,17.0,83.0,3.0,42.8,715,2010.0,4401.0,2138.0,2263.0,1128.0,2734.0,539.0,1699.0,1717.0,4.0,88.0,1.0,38.0,99.0,755.0,1083.0,1548.0,1083.0,339.0,252.0,241.0,150.0,60.0,41.0,465.0,381.0,69.0,11.0,2.0,2.0,0.0,0.0,2007-11,57336.0,8408.0,74040.0,11904.0,30456.0,6117.0
25025140105,10.0,4.0,11.0,9.0,0.7079796264855688,0.0721561969439728,1942.0,292250.0,115000.0,246018.5,7.0,2,3.0,5450.0,1417.5,1057.0,31250.0,9.96,1450.5,10.0,14,8,8,12,8,0,18,0,8,37,25,7,0,37,40,37,351,27.0,7.0,18.0,456.0,14.0,499.0,23.0,351.0,90.0,22.0,35.0,1.0,48.1,522,2010.0,3675.0,1714.0,1961.0,856.0,2406.0,413.0,1305.0,1232.0,3.0,56.0,2.0,32.0,90.0,955.0,932.0,1274.0,932.0,296.0,248.0,201.0,107.0,44.0,36.0,342.0,268.0,55.0,12.0,5.0,1.0,0.0,1.0,2007-11,74205.0,20438.0,83452.0,10630.0,58638.0,8614.0
25025140106,12.0,46.0,43.0,54.0,0.5555555555555556,0.1111111111111111,1925.0,333000.0,115000.0,280500.0,8.0,2,4.0,6770.0,1906.0,1553.0,61287.0,26.08,1950.5,3.0,0,0,0,1,0,0,0,0,2,0,2,0,0,2,2,2,16,1.0,1.0,0.0,36.0,1.0,38.0,1.0,16.0,13.0,4.0,4.0,1.0,41.0,39,2010.0,1901.0,832.0,1069.0,541.0,1140.0,220.0,278.0,930.0,7.0,30.0,0.0,13.0,48.0,595.0,456.0,791.0,456.0,150.0,132.0,90.0,58.0,15.0,11.0,335.0,294.0,37.0,3.0,0.0,0.0,1.0,0.0,2007-11,27841.0,10935.0,107321.0,47749.0,21827.0,9399.0
25025140107,5.0,4.0,13.0,6.0,0.6466165413533834,0.0927318295739348,1925.0,295000.0,110000.0,237965.0,7.0,2,3.0,5358.0,1653.5,928.0,14750.0,5.86,1650.5,10.0,14,8,14,20,4,0,25,0,18,38,36,4,0,45,48,45,238,37.0,10.0,10.0,372.0,21.0,422.0,28.0,238.0,107.0,14.0,66.0,4.0,44.7,450,2010.0,2531.0,1202.0,1329.0,552.0,1644.0,335.0,891.0,898.0,12.0,56.0,0.0,16.0,40.0,618.0,610.0,977.0,610.0,186.0,183.0,122.0,75.0,20.0,24.0,367.0,316.0,46.0,3.0,1.0,1.0,0.0,0.0,2007-11,52829.0,9161.0,69732.0,24688.0,45446.0,30808.0
25025140201,14.0,14.0,24.0,15.0,0.5334476843910806,0.1698113207547169,1920.0,305000.0,78000.0,240000.0,7.0,2,3.0,5223.0,1554.0,616.0,29000.0,7.46,1550.5,12.0,20,5,10,10,3,0,11,0,4,28,23,2,1,36,36,36,123,20.0,3.0,11.0,233.0,6.0,243.0,30.0,123.0,75.0,15.0,26.0,1.0,42.5,273,2010.0,2072.0,999.0,1073.0,469.0,1364.0,239.0,978.0,607.0,7.0,51.0,0.0,39.0,49.0,341.0,501.0,861.0,501.0,177.0,140.0,112.0,41.0,16.0,15.0,360.0,295.0,63.0,2.0,0.0,0.0,0.0,0.0,2007-11,60000.0,22942.0,73269.0,30288.0,51042.0,18366.0
25025140202,4.0,19.0,26.0,16.0,0.7442472057856673,0.0539119000657462,1948.0,318000.0,107500.0,264000.0,7.0,2,3.0,6500.0,1665.0,975.5,47000.0,14.69,1650.5,11.0,13,11,15,22,11,0,18,0,8,45,43,2,0,53,60,53,463,44.0,9.0,12.0,644.0,19.0,693.0,35.0,463.0,172.0,23.0,52.0,4.0,45.2,728,2010.0,5600.0,2629.0,2971.0,1371.0,3508.0,721.0,2400.0,1784.0,10.0,117.0,3.0,38.0,113.0,1135.0,1358.0,1952.0,1358.0,440.0,345.0,295.0,179.0,59.0,40.0,594.0,476.0,105.0,7.0,4.0,1.0,1.0,0.0,2007-11,66900.0,9843.0,90000.0,13361.0,36173.0,17222.0
25025140300,19.0,23.0,63.0,55.0,0.5691056910569106,0.1369606003752345,1920.0,303000.0,115000.0,245000.0,7.0,2,4.0,5286.0,1852.0,651.0,4100.0,1.295,1850.5,10.0,44,21,47,40,12,0,76,0,31,75,90,4,1,95,102,95,253,87.0,21.0,21.0,658.0,24.0,733.0,78.0,253.0,231.0,66.0,162.0,2.0,42.4,811,2010.0,6382.0,3015.0,3367.0,1469.0,4042.0,871.0,1184.0,3448.0,19.0,85.0,0.0,54.0,118.0,1474.0,1477.0,2353.0,1477.0,432.0,401.0,306.0,183.0,87.0,68.0,876.0,749.0,97.0,22.0,1.0,5.0,1.0,1.0,2007-11,54640.0,8767.0,98281.0,32298.0,30795.0,10100.0
25025140400,28.0,30.0,53.0,56.0,0.64235391628678,0.0642353916286779,1950.0,239000.0,75000.0,181050.0,7.0,2,3.0,4400.0,1368.0,706.0,0.0,0.0,1350.5,9.0,39,29,35,61,15,0,43,0,38,111,119,9,2,116,120,116,525,116.0,32.0,24.0,900.0,35.0,1015.0,92.0,525.0,172.0,35.0,326.0,6.0,44.0,1107,2010.0,7650.0,3532.0,4118.0,1745.0,4895.0,1010.0,666.0,5425.0,30.0,71.0,4.0,45.0,180.0,1229.0,1944.0,2743.0,1944.0,631.0,511.0,421.0,208.0,96.0,77.0,799.0,688.0,84.0,19.0,4.0,4.0,0.0,0.0,2007-11,52644.0,9182.0,68889.0,15444.0,34864.0,10237.0
25025980300,0.0,0.0,0.0,0.0,0.0,0.0,1920.0,267000.0,80000.0,200250.0,5.0,1,2.0,1030.0,1030.0,1044.5,38750.0,17.54,1050.5,24.0,0,0,0,0,0,0,2,0,1,2,0,0,0,0,1,0,0,0.0,0.0,1.0,24.0,0.0,25.0,0.0,0.0,0.0,0.0,25.0,0.0,8.0,25,2010.0,338.0,258.0,80.0,4.0,312.0,22.0,147.0,107.0,2.0,10.0,0.0,0.0,4.0,68.0,0.0,2.0,0.0,0.0,0.0,0.0,0.0,0.0,0.0,2.0,2.0,0.0,0.0,0.0,0.0,0.0,0.0,2007-11,0.0,0.0,0.0,0.0,0.0,0.0
25025980700,1.0,0.0,0.0,0.0,0.0,0.0,1925.0,176000.0,63000.0,135000.0,3.0,1,1.0,629.0,629.0,899.0,23500.0,16.07,650.5,15.0,0,0,1,1,0,0,0,0,2,0,1,0,0,4,4,4,3,1.0,1.0,0.0,41.0,0.0,42.0,1.0,3.0,0.0,0.0,38.0,0.0,34.9,43,2010.0,6.0,2.0,4.0,0.0,4.0,2.0,5.0,0.0,0.0,0.0,1.0,0.0,0.0,0.0,2.0,4.0,2.0,2.0,0.0,0.0,0.0,0.0,0.0,2.0,2.0,0.0,0.0,0.0,0.0,0.0,0.0,2007-11,0.0,0.0,0.0,0.0,0.0,0.0
25025981000,0.0,0.0,0.0,0.0,0.0,0.0,1910.0,420000.0,280000.0,327000.0,5.0,2,2.0,3120.0,2449.0,579.5,23750.0,5.985,2450.5,14.0,2,0,0,0,0,0,1,0,1,1,0,0,0,4,4,4,2,0.0,1.0,0.0,16.0,0.0,15.0,2.0,2.0,2.0,0.0,7.0,0.0,17.6,17,2010.0,22.0,13.0,9.0,8.0,14.0,0.0,3.0,14.0,0.0,0.0,0.0,0.0,5.0,0.0,3.0,5.0,3.0,0.0,0.0,1.0,0.0,1.0,1.0,2.0,1.0,0.0,1.0,0.0,0.0,0.0,0.0,2007-11,0.0,0.0,0.0,0.0,0.0,0.0
25025981100,0.0,0.0,6.0,21.0,0.4297520661157025,0.1487603305785124,2009.0,289000.0,0.0,234400.0,5.0,2,2.0,1152.0,1150.0,,,,1150.5,,0,0,1,0,0,0,3,0,0,2,0,0,0,0,0,0,2,0.0,0.0,0.0,11.0,0.0,11.0,0.0,2.0,0.0,0.0,9.0,0.0,45.5,11,2010.0,418.0,287.0,131.0,95.0,316.0,7.0,84.0,228.0,0.0,13.0,0.0,2.0,6.0,85.0,68.0,85.0,68.0,35.0,24.0,4.0,2.0,1.0,2.0,17.0,17.0,0.0,0.0,0.0,0.0,0.0,0.0,2007-11,15385.0,11569.0,0.0,0.0,15385.0,11569.0
25025981201,0.0,0.0,0.0,0.0,0.0,0.0,1920.0,626000.0,0.0,417000.0,5.0,2,2.0,1405.0,1405.0,852.0,48000.0,15.815,1450.5,4.0,0,0,0,0,0,0,0,0,2,1,0,0,0,1,1,1,0,0.0,1.0,0.0,6.0,0.0,7.0,0.0,0.0,0.0,0.0,6.0,0.0,14.3,7,2010.0,0.0,0.0,0.0,0.0,0.0,0.0,0.0,0.0,0.0,0.0,0.0,0.0,0.0,0.0,0.0,0.0,0.0,0.0,0.0,0.0,0.0,0.0,0.0,0.0,0.0,0.0,0.0,0.0,0.0,0.0,0.0,2007-11,0.0,0.0,0.0,0.0,0.0,0.0
25025981202,0.0,0.0,0.0,0.0,0.0,0.3131313131313131,2005.0,242800.0,0.0,187200.0,4.0,1,1.0,903.0,903.0,949.0,40099.5,14.53,950.5,11.0,2,0,0,0,0,0,29,0,2,5,0,0,0,6,6,6,0,0.0,4.0,0.0,53.0,4.0,59.0,2.0,0.0,0.0,0.0,58.0,0.0,29.5,61,2010.0,207.0,199.0,8.0,0.0,207.0,0.0,155.0,11.0,0.0,2.0,1.0,0.0,1.0,37.0,0.0,0.0,0.0,0.0,0.0,0.0,0.0,0.0,0.0,0.0,0.0,0.0,0.0,0.0,0.0,0.0,0.0,2007-11,0.0,0.0,0.0,0.0,0.0,0.0
25025981300,1.0,0.0,0.0,2.0,0.4741379310344827,0.0632183908045977,1910.0,273950.0,0.0,205491.0,2.0,1,1.0,870.0,901.5,919.0,57450.0,26.41,900.5,8.0,0,0,1,1,0,0,23,0,0,0,2,0,0,4,4,4,0,1.0,0.0,1.0,31.0,7.0,39.0,1.0,0.0,0.0,9.0,31.0,0.0,12.5,40,2010.0,389.0,233.0,156.0,36.0,341.0,12.0,258.0,13.0,4.0,29.0,0.0,0.0,14.0,71.0,60.0,236.0,60.0,36.0,12.0,5.0,5.0,0.0,2.0,176.0,132.0,43.0,1.0,0.0,0.0,0.0,0.0,2007-11,76705.0,22307.0,78935.0,11951.0,63333.0,26617.0
25025981502,1.0,0.0,0.0,0.0,0.0,0.6666666666666666,1910.0,377000.0,160000.0,154280.0,6.0,2,4.0,4195.0,2026.0,1073.0,49000.0,14.84,2050.5,12.0,4,1,1,0,0,0,1,0,2,4,1,0,0,2,2,2,3,1.0,1.0,0.0,16.0,1.0,15.0,4.0,3.0,5.0,3.0,0.0,0.0,42.1,19,2010.0,9.0,5.0,4.0,1.0,6.0,2.0,7.0,0.0,0.0,0.0,0.0,0.0,0.0,2.0,2.0,3.0,2.0,1.0,0.0,0.0,1.0,0.0,0.0,1.0,0.0,1.0,0.0,0.0,0.0,0.0,0.0,2007-11,0.0,0.0,0.0,0.0,0.0,0.0
25025981600,0.0,0.0,1.0,0.0,0.0,0.2222222222222222,1915.0,472000.0,0.0,377600.0,11.0,3,5.0,4050.0,3052.0,,,,3050.5,,0,0,0,0,0,0,0,0,0,0,0,0,0,0,0,0,0,0.0,0.0,0.0,1.0,0.0,1.0,0.0,0.0,1.0,0.0,0.0,0.0,100.0,1,2010.0,0.0,0.0,0.0,0.0,0.0,0.0,0.0,0.0,0.0,0.0,0.0,0.0,0.0,0.0,0.0,0.0,0.0,0.0,0.0,0.0,0.0,0.0,0.0,0.0,0.0,0.0,0.0,0.0,0.0,0.0,0.0,2007-11,0.0,0.0,0.0,0.0,0.0,0.0
25025981700,0.0,0.0,0.0,0.0,0.0,0.1428571428571428,1982.0,1387500.0,0.0,0.0,4.0,2,2.0,1503.5,1482.5,967.5,177250.0,14.305,1450.5,15.0,2,0,6,0,0,0,28,0,1,5,0,0,0,7,6,7,0,0.0,1.0,4.0,67.0,4.0,74.0,2.0,0.0,0.0,1.0,74.0,0.0,22.4,76,2010.0,0.0,0.0,0.0,0.0,0.0,0.0,0.0,0.0,0.0,0.0,0.0,0.0,0.0,0.0,0.0,0.0,0.0,0.0,0.0,0.0,0.0,0.0,0.0,0.0,0.0,0.0,0.0,0.0,0.0,0.0,0.0,2007-11,0.0,0.0,0.0,0.0,0.0,0.0
25025981800,1.0,0.0,0.0,0.0,0.0,0.0,1987.0,450000.0,303000.0,285000.0,5.0,2,2.0,1478.0,1261.0,912.0,88000.0,21.26,1250.5,15.0,0,0,1,0,0,0,0,0,1,4,0,0,0,7,7,7,0,1.0,0.0,0.0,58.0,2.0,61.0,0.0,0.0,0.0,0.0,61.0,0.0,24.6,61,2010.0,82.0,33.0,49.0,7.0,36.0,39.0,71.0,5.0,0.0,3.0,0.0,0.0,0.0,3.0,23.0,46.0,23.0,19.0,2.0,2.0,0.0,0.0,0.0,23.0,18.0,5.0,0.0,0.0,0.0,0.0,0.0,2007-11,0.0,0.0,0.0,0.0,0.0,0.0
